{"stats":{"minecraft:mined":{"minecraft:obsidian":14,"minecraft:granite":137,"minecraft:brown_wool":1,"minecraft:hopper":19,"minecraft:crimson_fungus":5,"travelersbackpack:wolf":19,"minecraft:chiseled_stone_bricks":4,"minecraft:spawner":1,"minecraft:weeping_vines_plant":21,"minecraft:tall_seagrass":26,"minecraft:magma_block":11,"minecraft:fire":129,"minecraft:pumpkin":1,"minecraft:fletching_table":3,"minecraft:deepslate_lapis_ore":1,"minecraft:enchanting_table":1,"minecraft:water_cauldron":1,"minecraft:dirt_path":6,"minecraft:oak_stairs":6,"minecraft:stripped_bamboo_block":1,"minecraft:tripwire":2,"minecraft:bamboo_slab":37,"minecraft:brown_mushroom":61,"minecraft:red_bed":1,"minecraft:kelp_plant":12518,"minecraft:smoker":5,"minecraft:soul_fire":18,"minecraft:amethyst_cluster":3,"minecraft:torch":34,"minecraft:note_block":2,"minecraft:blast_furnace":2,"minecraft:polished_diorite_slab":99,"minecraft:glass":28,"minecraft:sugar_cane":62,"minecraft:bricks":1212,"minecraft:amethyst_block":65,"minecraft:repeater":29,"minecraft:bamboo_planks":200,"minecraft:mud":186,"minecraft:wheat":453,"minecraft:magenta_bed":6,"minecraft:lilac":7,"minecraft:warped_fungus":27,"minecraft:stone_brick_stairs":168,"minecraft:grass":11,"minecraft:stonecutter":3,"minecraft:piston":10,"minecraft:deepslate":1411,"minecraft:crimson_roots":5,"minecraft:redstone_wire":119,"travelersbackpack:bookshelf":3,"minecraft:cartography_table":1,"minecraft:kelp":1716,"minecraft:redstone_ore":17,"minecraft:andesite":12,"minecraft:potatoes":240,"minecraft:cobblestone_slab":2,"minecraft:bamboo":496,"minecraft:bone_block":11,"minecraft:white_wool":4,"travelersbackpack:spider":1,"minecraft:oak_slab":5,"minecraft:birch_stairs":1,"minecraft:redstone_block":2,"minecraft:comparator":3,"minecraft:soul_sand":91,"minecraft:stone_brick_slab":168,"minecraft:observer":1,"minecraft:dandelion":4,"minecraft:cornflower":6,"minecraft:campfire":1,"minecraft:tall_grass":9,"minecraft:copper_ore":48,"minecraft:dried_kelp_block":67,"minecraft:deepslate_gold_ore":31,"minecraft:diorite":286,"travelersbackpack:squid":5,"minecraft:purple_stained_glass":1,"minecraft:white_carpet":1,"minecraft:spruce_log":170,"minecraft:birch_leaves":32,"minecraft:quartz_pillar":4,"minecraft:gravel":146,"minecraft:dripstone_block":19,"minecraft:cobweb":11,"minecraft:stone_bricks":383,"minecraft:gold_ore":9,"minecraft:deepslate_emerald_ore":2,"minecraft:iron_trapdoor":1,"travelersbackpack:cake":13,"minecraft:fern":31,"minecraft:large_amethyst_bud":2,"minecraft:potted_cactus":1,"minecraft:brewing_stand":1,"minecraft:budding_amethyst":2,"minecraft:grass_block":5288,"minecraft:soul_soil":72,"minecraft:polished_diorite":102,"minecraft:composter":1,"minecraft:smooth_stone":2,"minecraft:glowstone":218,"minecraft:iron_ore":149,"minecraft:pointed_dripstone":124,"minecraft:potted_cornflower":1,"minecraft:deepslate_redstone_ore":51,"minecraft:quartz_block":25,"minecraft:blackstone":15,"minecraft:bamboo_stairs":19,"minecraft:chiseled_quartz_block":4,"minecraft:clay":4997,"minecraft:poppy":40,"minecraft:chest":31,"minecraft:nether_quartz_ore":830,"minecraft:cobblestone":3042,"minecraft:oak_planks":78,"minecraft:wall_torch":50,"minecraft:seagrass":20,"minecraft:light_weighted_pressure_plate":1,"minecraft:nether_wart_block":4,"minecraft:birch_log":87,"minecraft:birch_trapdoor":5,"minecraft:light_gray_wool":1,"minecraft:oak_log":562,"minecraft:sand":342,"minecraft:dirt":3372,"minecraft:crimson_planks":1,"minecraft:ancient_debris":6,"minecraft:dispenser":9,"minecraft:netherrack":1453,"minecraft:oak_leaves":241,"minecraft:redstone_lamp":9,"minecraft:nether_gold_ore":280,"minecraft:tuff":48,"travelersbackpack:lapis":4,"minecraft:deepslate_diamond_ore":23,"minecraft:oak_door":1,"travelersbackpack:fox":3,"minecraft:glow_lichen":1,"minecraft:lever":3,"minecraft:ladder":1,"minecraft:decorated_pot":2,"minecraft:weeping_vines":14,"minecraft:spruce_leaves":57,"minecraft:crimson_stem":51,"minecraft:large_fern":20,"minecraft:furnace":8,"minecraft:carrots":17,"minecraft:bell":1,"minecraft:bookshelf":18,"minecraft:deepslate_iron_ore":35,"minecraft:lantern":4,"minecraft:crimson_door":4,"minecraft:stripped_oak_log":2,"minecraft:packed_ice":9,"travelersbackpack:bee":2,"minecraft:wet_sponge":2,"minecraft:stone":7098,"minecraft:redstone_wall_torch":4,"minecraft:podzol":1,"minecraft:scaffolding":74,"minecraft:spruce_door":2,"minecraft:polished_granite":12,"travelersbackpack:standard":3,"minecraft:oak_fence":31,"minecraft:crafting_table":2,"minecraft:stone_slab":1,"minecraft:quartz_bricks":4,"minecraft:lapis_ore":32,"minecraft:lily_pad":6,"minecraft:gray_wool":1,"ironfurnaces:diamond_furnace":1,"minecraft:cactus":22,"minecraft:beehive":1,"minecraft:redstone_torch":22,"minecraft:sweet_berry_bush":50,"minecraft:ice":2,"minecraft:white_wall_banner":5,"minecraft:bee_nest":1,"minecraft:coal_ore":144,"minecraft:polished_andesite":4,"travelersbackpack:enderman":3},"minecraft:used":{"minecraft:dispenser":11,"minecraft:ladder":1,"minecraft:poppy":14,"minecraft:chest":69,"minecraft:soul_sand":1,"minecraft:lava_bucket":27,"minecraft:quartz_pillar":4,"minecraft:grass_block":22,"minecraft:birch_sapling":26,"minecraft:quartz_block":25,"minecraft:stone_brick_stairs":130,"minecraft:bow":5,"minecraft:oak_sapling":120,"minecraft:sweet_berries":281,"minecraft:furnace":9,"minecraft:egg":2,"minecraft:potato":255,"minecraft:diorite":359,"minecraft:blackstone":1,"minecraft:cactus":22,"minecraft:wooden_pickaxe":11,"minecraft:composter":1,"minecraft:clay":2,"minecraft:sand":30,"minecraft:blast_furnace":2,"minecraft:chiseled_quartz_block":619,"minecraft:lightning_rod":1,"minecraft:polished_granite":12,"minecraft:diamond_sword":436,"minecraft:smithing_table":2,"minecraft:oak_boat":8,"minecraft:diorite_stairs":1,"minecraft:oak_trapdoor":2,"minecraft:enchanting_table":2,"minecraft:stone_sword":50,"minecraft:cooked_salmon":192,"minecraft:netherrack":257,"minecraft:torch":207,"minecraft:anvil":1,"ironfurnaces:diamond_furnace":4,"minecraft:golden_shovel":161,"minecraft:oak_fence_gate":1,"minecraft:polished_diorite":628,"minecraft:light_weighted_pressure_plate":3,"minecraft:iron_axe":1477,"travelersbackpack:squid":12,"minecraft:bamboo":77,"minecraft:tripwire_hook":2,"minecraft:glowstone":69,"minecraft:iron_trapdoor":2,"travelersbackpack:hose":193,"minecraft:trapped_chest":2,"minecraft:pointed_dripstone":320,"minecraft:observer":2,"minecraft:cobbled_deepslate":11,"minecraft:wheat_seeds":725,"minecraft:water_bucket":161,"minecraft:cartography_table":1,"minecraft:fletching_table":3,"minecraft:salmon":3,"minecraft:comparator":6,"minecraft:crafting_table":6,"minecraft:oak_slab":7,"minecraft:white_bed":3,"minecraft:campfire":3,"minecraft:spruce_log":53,"minecraft:oak_log":138,"minecraft:mud":187,"minecraft:diamond_pickaxe":5813,"minecraft:cornflower":1,"minecraft:diamond_shovel":2826,"travelersbackpack:bookshelf":5,"minecraft:iron_pickaxe":5006,"minecraft:bamboo_slab":50,"minecraft:spruce_sapling":1,"minecraft:chiseled_stone_bricks":79,"minecraft:cobblestone":211,"minecraft:potion":231,"travelersbackpack:standard":12,"minecraft:brush":12,"minecraft:kelp":1022,"minecraft:iron_shovel":1735,"travelersbackpack:lapis":11,"minecraft:shield":125,"minecraft:decorated_pot":3,"minecraft:iron_sword":817,"minecraft:birch_pressure_plate":12,"minecraft:tuff":12,"minecraft:obsidian":12,"minecraft:glass":78,"minecraft:bricks":6811,"minecraft:lantern":42,"minecraft:crimson_roots":3,"minecraft:stone_bricks":326,"minecraft:birch_trapdoor":9,"minecraft:repeater":38,"minecraft:redstone_lamp":11,"minecraft:warped_fungus":11,"minecraft:scaffolding":158,"travelersbackpack:enderman":16,"travelersbackpack:spider":41,"minecraft:stone_pickaxe":7212,"minecraft:oak_planks":153,"minecraft:polished_diorite_slab":301,"minecraft:redstone_block":2,"minecraft:sugar_cane":26,"minecraft:diamond_axe":274,"minecraft:bamboo_stairs":31,"minecraft:white_wool":13,"travelersbackpack:bee":4,"minecraft:crossbow":1,"minecraft:sponge":53,"minecraft:note_block":3,"minecraft:dripstone_block":19,"minecraft:shears":6,"minecraft:redstone_torch":35,"minecraft:lever":4,"minecraft:string":4,"minecraft:bread":6,"minecraft:brown_wool":2,"minecraft:gravel":75,"minecraft:crimson_door":5,"minecraft:andesite":31,"minecraft:chest_minecart":1,"minecraft:air":196,"minecraft:bone_meal":44,"minecraft:oak_fence":42,"minecraft:flint_and_steel":1,"minecraft:dried_kelp":3,"minecraft:stone_shovel":8540,"minecraft:redstone":181,"minecraft:stone_hoe":4,"minecraft:cooked_chicken":1,"minecraft:dried_kelp_block":71,"minecraft:oak_door":3,"minecraft:spyglass":4,"minecraft:dirt":7623,"minecraft:hopper":48,"minecraft:granite":124,"minecraft:stone_brick_slab":360,"minecraft:bookshelf":36,"minecraft:oak_stairs":12,"minecraft:crimson_planks":34,"minecraft:light_gray_wool":2,"minecraft:soul_soil":10,"travelersbackpack:cake":66,"minecraft:cooked_beef":214,"travelersbackpack:fox":9,"minecraft:bamboo_planks":743,"minecraft:quartz_bricks":4,"minecraft:cooked_mutton":20,"minecraft:amethyst_block":1,"minecraft:glass_bottle":276,"minecraft:polished_andesite":4,"minecraft:baked_potato":64,"minecraft:stonecutter":3,"minecraft:cobblestone_slab":18,"minecraft:magenta_bed":8,"minecraft:bamboo_block":1,"travelersbackpack:wolf":137,"minecraft:smoker":6,"minecraft:purple_stained_glass":1,"minecraft:piston":40,"minecraft:flower_pot":3,"minecraft:apple":1,"minecraft:map":1,"minecraft:stone_axe":384,"minecraft:fishing_rod":978,"minecraft:white_banner":8,"minecraft:bucket":182,"minecraft:gray_wool":1,"minecraft:smooth_stone":2,"minecraft:splash_potion":22,"minecraft:birch_stairs":17},"minecraft:killed_by":{"minecraft:pillager":2,"minecraft:zombie":2,"minecraft:creeper":3,"minecraft:drowned":3,"minecraft:spider":2,"minecraft:enderman":4,"minecraft:skeleton":10},"minecraft:broken":{"minecraft:golden_boots":1,"minecraft:iron_boots":2,"minecraft:iron_chestplate":1,"minecraft:iron_leggings":1,"minecraft:diamond_shovel":1,"minecraft:iron_sword":2,"minecraft:fishing_rod":2,"minecraft:shield":3,"minecraft:iron_axe":6,"minecraft:iron_pickaxe":19,"minecraft:iron_helmet":3,"minecraft:iron_shovel":8,"minecraft:golden_shovel":5,"minecraft:stone_pickaxe":55,"minecraft:stone_axe":3,"minecraft:stone_shovel":64},"minecraft:killed":{"minecraft:skeleton":42,"minecraft:chicken":2,"minecraft:magma_cube":11,"minecraft:salmon":39,"minecraft:pillager":12,"minecraft:zombie":45,"minecraft:cow":160,"minecraft:wandering_trader":2,"minecraft:enderman":14,"minecraft:witch":3,"minecraft:spider":27,"minecraft:piglin":5,"minecraft:pig":5,"minecraft:creeper":6,"minecraft:sheep":6,"minecraft:trader_llama":4,"minecraft:ghast":3,"minecraft:drowned":7,"minecraft:hoglin":6,"minecraft:squid":1},"minecraft:custom":{"minecraft:interact_with_crafting_table":699,"minecraft:leave_game":35,"minecraft:time_since_death":32940,"minecraft:damage_blocked_by_shield":11084,"minecraft:play_time":4060436,"minecraft:deaths":103,"minecraft:jump":41092,"minecraft:enchant_item":25,"minecraft:interact_with_furnace":928,"minecraft:sleep_in_bed":151,"minecraft:damage_dealt":52225,"minecraft:interact_with_smoker":631,"minecraft:inspect_dispenser":79,"minecraft:interact_with_smithing_table":27,"minecraft:interact_with_anvil":2,"minecraft:inspect_hopper":418,"minecraft:sneak_time":52981,"minecraft:interact_with_blast_furnace":41,"minecraft:total_world_time":4060436,"minecraft:tune_noteblock":35470,"minecraft:interact_with_stonecutter":52,"minecraft:time_since_rest":32965,"minecraft:swim_one_cm":2815666,"minecraft:fly_one_cm":8120327,"minecraft:open_chest":3249,"minecraft:fish_caught":166,"minecraft:fall_one_cm":727412,"minecraft:animals_bred":175,"minecraft:sprint_one_cm":10652682,"minecraft:drop":505,"minecraft:play_noteblock":7,"minecraft:talked_to_villager":16,"minecraft:interact_with_brewingstand":1,"minecraft:walk_on_water_one_cm":691731,"minecraft:crouch_one_cm":127339,"minecraft:mob_kills":404,"minecraft:climb_one_cm":79290,"minecraft:walk_one_cm":10828946,"minecraft:walk_under_water_one_cm":1136494,"minecraft:boat_one_cm":206663,"minecraft:pot_flower":3,"minecraft:damage_taken":49716,"minecraft:trigger_trapped_chest":394},"minecraft:picked_up":{"minecraft:iron_chestplate":4,"minecraft:flower_pot":6,"minecraft:lead":17,"minecraft:smithing_table":1,"minecraft:stone_slab":7,"minecraft:oak_stairs":7,"minecraft:enchanted_book":2,"minecraft:brewing_stand":1,"minecraft:golden_sword":1,"minecraft:amethyst_block":65,"minecraft:string":294,"minecraft:soul_soil":64,"minecraft:cooked_salmon":185,"minecraft:pufferfish":10,"minecraft:gold_nugget":1341,"minecraft:cobbled_deepslate":1473,"travelersbackpack:enderman":3,"minecraft:spruce_planks":5,"minecraft:beehive":1,"minecraft:composter":1,"minecraft:bamboo_slab":43,"minecraft:rabbit_foot":3,"minecraft:cauldron":1,"minecraft:bamboo_block":1,"minecraft:stone_sword":4,"minecraft:honey_bottle":4,"minecraft:glowstone":233,"minecraft:birch_log":87,"minecraft:magma_block":15,"minecraft:polished_diorite_slab":135,"minecraft:feather":2,"minecraft:brown_wool":4,"minecraft:smoker":4,"minecraft:flint":22,"minecraft:magenta_bed":6,"minecraft:purple_stained_glass":56,"minecraft:lantern":15,"minecraft:map":2,"minecraft:stripped_bamboo_block":1,"minecraft:stonecutter":3,"minecraft:glowstone_dust":629,"minecraft:honeycomb":12,"minecraft:ink_sac":18,"minecraft:crimson_door":4,"minecraft:quartz_bricks":4,"minecraft:polished_andesite":4,"minecraft:dispenser":9,"minecraft:lever":3,"minecraft:granite":236,"minecraft:chainmail_helmet":1,"minecraft:golden_horse_armor":1,"minecraft:bread":4,"minecraft:light_gray_carpet":1,"minecraft:bricks":1787,"minecraft:crimson_roots":5,"minecraft:diamond_pickaxe":2,"minecraft:mud":187,"minecraft:crafting_table":3,"minecraft:clay_ball":20000,"minecraft:redstone_lamp":9,"minecraft:cornflower":71,"minecraft:red_bed":1,"minecraft:flint_and_steel":1,"minecraft:white_carpet":2,"minecraft:compass":1,"minecraft:iron_shovel":5,"minecraft:cartography_table":1,"travelersbackpack:lapis":5,"minecraft:beef":291,"minecraft:poppy":49,"minecraft:chest":35,"minecraft:birch_sapling":38,"minecraft:piston":10,"minecraft:egg":7,"minecraft:stone":95,"minecraft:oak_door":4,"minecraft:fire_charge":6,"minecraft:carrot":48,"minecraft:redstone":463,"minecraft:stone_shovel":5,"minecraft:decorated_pot":2,"minecraft:shears":2,"minecraft:gold_ingot":2,"minecraft:mutton":15,"minecraft:white_wool":15,"minecraft:bone_block":11,"minecraft:rail":5,"minecraft:stripped_oak_log":2,"minecraft:bamboo_stairs":22,"minecraft:tripwire_hook":7,"minecraft:red_mushroom":2,"minecraft:filled_map":1,"minecraft:oak_log":650,"minecraft:ancient_debris":6,"minecraft:lily_pad":6,"minecraft:golden_boots":2,"minecraft:paper":21,"minecraft:white_banner":10,"minecraft:birch_pressure_plate":4,"minecraft:stone_bricks":684,"minecraft:apple":21,"travelersbackpack:cake":14,"minecraft:kelp":64466,"minecraft:stone_pickaxe":9,"minecraft:glass_bottle":35,"minecraft:iron_sword":4,"minecraft:milk_bucket":2,"minecraft:sweet_berries":846,"minecraft:gravel":191,"minecraft:birch_stairs":5,"minecraft:spruce_sapling":6,"minecraft:spruce_log":231,"minecraft:crying_obsidian":1,"travelersbackpack:wolf":20,"travelersbackpack:standard":10,"minecraft:oak_wood":4,"minecraft:diamond_shovel":3,"minecraft:polished_diorite":166,"minecraft:stone_axe":4,"minecraft:gray_wool":3,"minecraft:baked_potato":5,"minecraft:hopper":19,"minecraft:ender_pearl":20,"minecraft:wheat":497,"minecraft:redstone_block":2,"minecraft:iron_trapdoor":1,"minecraft:potion":160,"minecraft:nether_brick":7,"minecraft:stone_brick_stairs":133,"minecraft:crimson_planks":1,"travelersbackpack:spider":1,"minecraft:raw_copper":219,"minecraft:iron_leggings":4,"minecraft:netherite_ingot":5,"minecraft:smooth_stone":2,"minecraft:comparator":3,"minecraft:bucket":3,"minecraft:light_weighted_pressure_plate":2,"minecraft:redstone_torch":28,"minecraft:cobblestone_slab":8,"minecraft:iron_pickaxe":9,"minecraft:iron_boots":4,"minecraft:furnace":7,"minecraft:stick":303,"minecraft:birch_trapdoor":5,"minecraft:oak_fence":28,"minecraft:torch":127,"travelersbackpack:iron_tier_upgrade":1,"travelersbackpack:diamond_tier_upgrade":1,"minecraft:porkchop":50,"minecraft:dried_kelp":38,"minecraft:pointed_dripstone":302,"minecraft:diorite":1210,"travelersbackpack:crafting_upgrade":3,"minecraft:quartz_block":260,"minecraft:cactus":54,"minecraft:rotten_flesh":94,"minecraft:obsidian":14,"minecraft:cod":5,"minecraft:cobblestone":8183,"minecraft:enchanting_table":1,"minecraft:lilac":6,"minecraft:magma_cream":2,"minecraft:repeater":29,"minecraft:andesite":53,"minecraft:golden_leggings":4,"minecraft:chiseled_quartz_block":4,"minecraft:potato":822,"minecraft:magenta_dye":2,"minecraft:tuff":56,"minecraft:lapis_lazuli":436,"minecraft:dirt":9302,"minecraft:polished_granite":12,"minecraft:leather_boots":1,"minecraft:glass":7,"travelersbackpack:bookshelf":3,"minecraft:bone":99,"minecraft:bow":9,"minecraft:wheat_seeds":1301,"minecraft:raw_gold":47,"minecraft:bell":1,"travelersbackpack:bee":2,"minecraft:fletching_table":3,"minecraft:bamboo":4954,"minecraft:powered_rail":2,"minecraft:oak_planks":240,"minecraft:stone_hoe":1,"minecraft:ghast_tear":1,"minecraft:cooked_porkchop":11,"travelersbackpack:squid":5,"minecraft:poisonous_potato":5,"minecraft:sand":433,"minecraft:grass_block":10,"minecraft:spectral_arrow":22,"minecraft:sugar":4,"minecraft:diamond":130,"minecraft:crossbow":12,"minecraft:bone_meal":32,"minecraft:emerald":2,"minecraft:oak_sapling":230,"minecraft:netherrack":1474,"minecraft:oak_leaves":3,"minecraft:charcoal":12,"minecraft:chicken":2,"minecraft:ladder":1,"minecraft:chest_minecart":1,"minecraft:brown_mushroom":114,"minecraft:shield":4,"minecraft:iron_axe":3,"minecraft:blackstone":15,"minecraft:oak_boat":8,"minecraft:observer":1,"minecraft:light_gray_wool":2,"minecraft:sugar_cane":195,"minecraft:raw_iron":193,"minecraft:copper_ingot":71,"minecraft:bowl":1,"minecraft:note_block":2,"minecraft:quartz_pillar":4,"minecraft:weeping_vines":43,"minecraft:arrow":81,"minecraft:wet_sponge":2,"minecraft:glow_ink_sac":1,"minecraft:crimson_stem":48,"minecraft:salmon":118,"minecraft:leather":176,"minecraft:birch_planks":14,"minecraft:crimson_fungus":4,"minecraft:nether_wart_block":4,"minecraft:gunpowder":16,"minecraft:cooked_mutton":8,"minecraft:rabbit_hide":2,"minecraft:iron_ingot":172,"minecraft:cooked_chicken":1,"minecraft:soul_sand":67,"minecraft:book":54,"minecraft:oak_slab":7,"minecraft:scaffolding":309,"minecraft:warped_fungus":27,"minecraft:bamboo_planks":262,"minecraft:pumpkin":2,"minecraft:chiseled_stone_bricks":4,"minecraft:brush":2,"minecraft:stone_brick_slab":231,"minecraft:quartz":1384,"minecraft:dandelion":11,"minecraft:dripstone_block":19,"minecraft:amethyst_shard":12,"minecraft:blast_furnace":3,"minecraft:spruce_door":4,"minecraft:spider_eye":24,"travelersbackpack:fox":9,"minecraft:dried_kelp_block":337,"minecraft:iron_helmet":4,"minecraft:coal":336},"minecraft:crafted":{"travelersbackpack:crafting_upgrade":7,"ironfurnaces:iron_furnace":3,"travelersbackpack:enderman":3,"minecraft:diorite_stairs":4,"minecraft:lever":2,"minecraft:bookshelf":36,"ironfurnaces:diamond_furnace":3,"minecraft:cooked_mutton":4,"minecraft:glass":7,"minecraft:quartz_block":388,"minecraft:diamond_helmet":1,"minecraft:repeater":9,"minecraft:diamond_leggings":1,"travelersbackpack:purple_sleeping_bag":2,"minecraft:decorated_pot":1,"minecraft:chiseled_quartz_block":4,"minecraft:dried_kelp_block":6159,"minecraft:magenta_dye":8,"minecraft:bamboo_raft":1,"minecraft:glass_bottle":96,"minecraft:redstone_lamp":2,"travelersbackpack:bookshelf":1,"minecraft:cooked_porkchop":11,"minecraft:diamond_axe":2,"travelersbackpack:lapis":6,"travelersbackpack:standard":19,"minecraft:smithing_table":1,"minecraft:copper_ingot":23,"minecraft:campfire":3,"minecraft:stone_brick_stairs":62,"minecraft:bamboo_planks":760,"minecraft:iron_pickaxe":17,"minecraft:iron_block":3,"minecraft:gold_ingot":157,"minecraft:netherite_ingot":1,"minecraft:birch_stairs":20,"minecraft:cyan_wool":8,"minecraft:magenta_wool":6,"minecraft:stone_shovel":66,"minecraft:iron_nugget":216,"minecraft:spyglass":2,"minecraft:bone_meal":51,"travelersbackpack:blank_upgrade":28,"travelersbackpack:gold_tier_upgrade":8,"minecraft:bamboo_stairs":36,"minecraft:lantern":27,"travelersbackpack:cake":1,"travelersbackpack:white_sleeping_bag":1,"minecraft:polished_diorite":144,"travelersbackpack:bee":3,"minecraft:stone_pickaxe":58,"minecraft:diamond_boots":1,"minecraft:redstone_block":1,"travelersbackpack:spider":4,"minecraft:enchanting_table":1,"minecraft:dried_kelp":1439,"minecraft:polished_granite":8,"minecraft:glowstone":147,"travelersbackpack:cyan_sleeping_bag":4,"minecraft:bamboo_slab":36,"minecraft:oak_fence_gate":1,"minecraft:oak_stairs":4,"minecraft:birch_trapdoor":4,"minecraft:iron_leggings":2,"minecraft:iron_shovel":7,"minecraft:white_bed":3,"minecraft:oak_planks":1372,"minecraft:cobblestone_slab":18,"minecraft:quartz_bricks":4,"minecraft:cooked_chicken":1,"travelersbackpack:hose_nozzle":2,"minecraft:lightning_rod":1,"minecraft:stone":1217,"minecraft:quartz_pillar":4,"minecraft:bamboo_block":380,"minecraft:hopper":27,"minecraft:stone_brick_slab":120,"minecraft:bow":3,"minecraft:iron_boots":2,"minecraft:comparator":3,"minecraft:chest":81,"travelersbackpack:fox":6,"minecraft:chiseled_stone_bricks":1,"minecraft:bricks":5066,"minecraft:stone_hoe":2,"minecraft:stone_bricks":256,"minecraft:oak_fence":57,"minecraft:polished_diorite_slab":204,"minecraft:golden_boots":4,"minecraft:smoker":1,"minecraft:oak_slab":6,"travelersbackpack:iron_tier_upgrade":8,"minecraft:crafting_table":8,"minecraft:spruce_planks":24,"minecraft:wooden_pickaxe":2,"minecraft:iron_helmet":3,"minecraft:brush":1,"minecraft:birch_pressure_plate":8,"minecraft:gold_block":3,"minecraft:birch_planks":184,"travelersbackpack:blue_sleeping_bag":2,"minecraft:dispenser":3,"travelersbackpack:wolf":7,"minecraft:book":78,"minecraft:iron_chestplate":2,"minecraft:paper":408,"minecraft:diamond_pickaxe":1,"minecraft:purple_dye":16,"minecraft:shield":6,"minecraft:stick":576,"minecraft:light_weighted_pressure_plate":1,"minecraft:iron_ingot":67,"minecraft:stone_sword":2,"minecraft:redstone_torch":35,"minecraft:shears":1,"minecraft:polished_andesite":4,"minecraft:purple_wool":4,"minecraft:redstone":9,"minecraft:fishing_rod":6,"minecraft:tripwire_hook":4,"ironfurnaces:gold_furnace":3,"minecraft:furnace":5,"minecraft:piston":30,"minecraft:oak_trapdoor":2,"minecraft:flint_and_steel":1,"minecraft:scaffolding":354,"minecraft:iron_axe":5,"travelersbackpack:diamond_tier_upgrade":8,"minecraft:observer":1,"travelersbackpack:hose":2,"minecraft:red_dye":9,"minecraft:magenta_bed":2,"minecraft:crimson_planks":176,"minecraft:diamond_sword":2,"minecraft:cyan_dye":8,"minecraft:purple_stained_glass":64,"minecraft:iron_trapdoor":1,"travelersbackpack:backpack_tank":26,"minecraft:iron_sword":4,"minecraft:cooked_salmon":89,"minecraft:golden_shovel":5,"minecraft:bucket":1,"minecraft:stone_axe":4,"minecraft:air":0,"minecraft:bread":10,"minecraft:blue_dye":26,"travelersbackpack:squid":1,"minecraft:oak_boat":4,"minecraft:white_wool":44,"minecraft:gold_nugget":36,"minecraft:white_dye":1,"minecraft:blue_wool":4,"minecraft:anvil":1,"minecraft:crimson_door":3,"minecraft:torch":344,"minecraft:clay":15,"minecraft:lapis_block":8,"minecraft:trapped_chest":2,"minecraft:diamond_chestplate":2},"minecraft:dropped":{"minecraft:clay":13,"minecraft:lapis_lazuli":305,"minecraft:cooked_beef":33,"minecraft:diamond":34,"minecraft:cooked_porkchop":6,"minecraft:crossbow":5,"travelersbackpack:iron_tier_upgrade":1,"minecraft:rail":5,"minecraft:dirt":197,"minecraft:bone_meal":1,"minecraft:sand":3,"minecraft:sugar":2,"minecraft:iron_pickaxe":3,"minecraft:fishing_rod":1,"minecraft:white_wool":4,"minecraft:bone":62,"minecraft:stone_axe":1,"minecraft:compass":1,"minecraft:cobbled_deepslate":1437,"minecraft:wheat":81,"minecraft:birch_sapling":10,"minecraft:rotten_flesh":89,"minecraft:oak_planks":30,"minecraft:salmon":21,"minecraft:glass":68,"travelersbackpack:fox":4,"minecraft:stone_brick_stairs":36,"minecraft:egg":5,"minecraft:iron_ingot":22,"minecraft:golden_boots":3,"minecraft:wheat_seeds":486,"minecraft:cobblestone":4,"minecraft:purple_dye":1,"minecraft:chainmail_helmet":1,"travelersbackpack:wolf":1,"minecraft:coal":1,"minecraft:golden_apple":1,"minecraft:lava_bucket":1,"minecraft:cooked_salmon":51,"minecraft:diamond_helmet":1,"minecraft:potion":25,"minecraft:dried_kelp":4,"minecraft:iron_shovel":2,"minecraft:bamboo_slab":9,"minecraft:string":35,"minecraft:spruce_sapling":8,"minecraft:stone_brick_slab":31,"minecraft:bamboo_planks":14,"minecraft:bricks":221,"minecraft:netherite_ingot":6,"minecraft:stone_sword":1,"minecraft:stone_shovel":2,"minecraft:clay_ball":64,"minecraft:purple_stained_glass":120,"minecraft:diamond_sword":1,"minecraft:stone":179,"minecraft:diamond_pickaxe":2,"minecraft:spider_eye":13,"minecraft:stone_bricks":640,"minecraft:bamboo":1088,"minecraft:bow":7,"minecraft:soul_sand":1,"minecraft:birch_planks":2,"minecraft:warped_fungus":4,"minecraft:oak_log":16,"minecraft:baked_potato":79,"travelersbackpack:bee":1,"travelersbackpack:standard":3,"minecraft:brush":1,"minecraft:crimson_roots":2,"minecraft:cooked_cod":28,"minecraft:gold_ingot":7,"minecraft:gravel":15,"minecraft:spyglass":1,"minecraft:pointed_dripstone":2,"minecraft:diorite_stairs":3,"minecraft:diamond_shovel":1,"minecraft:carrot":4,"minecraft:rabbit_hide":2,"minecraft:poppy":4,"minecraft:gunpowder":9,"minecraft:glowstone":128,"minecraft:chest":1,"minecraft:arrow":40,"minecraft:powered_rail":2,"minecraft:scaffolding":552,"minecraft:quartz":29,"minecraft:oak_leaves":2,"minecraft:water_bucket":1,"minecraft:bread":9,"travelersbackpack:bookshelf":1,"minecraft:poisonous_potato":4,"minecraft:lead":4,"minecraft:spectral_arrow":22,"minecraft:copper_ingot":1,"minecraft:tropical_fish":1,"minecraft:grass_block":10,"minecraft:stick":29,"minecraft:torch":69,"minecraft:nether_wart_block":1,"minecraft:brown_wool":1,"minecraft:map":2,"minecraft:fire_charge":1,"minecraft:dandelion":6,"minecraft:redstone":2,"minecraft:polished_diorite":65,"minecraft:sweet_berries":163,"minecraft:kelp":256,"minecraft:tuff":30,"travelersbackpack:diamond_tier_upgrade":1,"minecraft:stripped_bamboo_block":1,"minecraft:filled_map":1,"minecraft:bamboo_stairs":3,"minecraft:shield":1,"minecraft:diamond_chestplate":1,"travelersbackpack:lapis":3,"travelersbackpack:crafting_upgrade":2,"minecraft:golden_leggings":2,"minecraft:oak_sapling":78,"minecraft:spruce_log":166,"minecraft:stone_pickaxe":5,"travelersbackpack:hose":1}},"DataVersion":3465}