{"stats":{"minecraft:dropped":{"minecraft:lapis_lazuli":139,"minecraft:diamond":33,"minecraft:cooked_porkchop":6,"minecraft:crossbow":4,"travelersbackpack:iron_tier_upgrade":1,"minecraft:dirt":193,"minecraft:bone_meal":1,"minecraft:sand":3,"minecraft:iron_pickaxe":3,"minecraft:fishing_rod":1,"minecraft:white_wool":4,"minecraft:bone":26,"minecraft:stone_axe":1,"minecraft:cobbled_deepslate":1437,"minecraft:birch_sapling":10,"minecraft:wheat":76,"minecraft:rotten_flesh":42,"minecraft:oak_planks":30,"minecraft:salmon":21,"travelersbackpack:fox":4,"minecraft:stone_brick_stairs":3,"minecraft:egg":5,"minecraft:iron_ingot":22,"minecraft:wheat_seeds":190,"minecraft:cobblestone":4,"minecraft:purple_dye":1,"travelersbackpack:wolf":1,"minecraft:coal":1,"minecraft:golden_apple":1,"minecraft:lava_bucket":1,"minecraft:cooked_salmon":42,"minecraft:potion":25,"minecraft:dried_kelp":4,"minecraft:iron_shovel":2,"minecraft:bamboo_slab":9,"minecraft:string":16,"minecraft:spruce_sapling":3,"minecraft:bamboo_planks":14,"minecraft:bricks":93,"minecraft:stone_sword":1,"minecraft:stone_shovel":2,"minecraft:clay_ball":64,"minecraft:purple_stained_glass":120,"minecraft:diamond_sword":1,"minecraft:stone":179,"minecraft:diamond_pickaxe":2,"minecraft:spider_eye":6,"minecraft:stone_bricks":640,"minecraft:bamboo":1088,"minecraft:birch_planks":2,"minecraft:oak_log":16,"minecraft:baked_potato":74,"travelersbackpack:bee":1,"travelersbackpack:standard":3,"minecraft:brush":1,"minecraft:gravel":13,"minecraft:spyglass":1,"minecraft:diorite_stairs":3,"minecraft:carrot":3,"minecraft:poppy":2,"minecraft:rabbit_hide":2,"minecraft:gunpowder":1,"minecraft:chest":1,"minecraft:arrow":12,"minecraft:scaffolding":543,"minecraft:oak_leaves":2,"minecraft:water_bucket":1,"minecraft:bread":9,"minecraft:poisonous_potato":1,"minecraft:lead":4,"minecraft:copper_ingot":1,"minecraft:stick":22,"minecraft:torch":69,"minecraft:brown_wool":1,"minecraft:map":2,"minecraft:redstone":2,"minecraft:sweet_berries":163,"minecraft:kelp":256,"minecraft:tuff":30,"travelersbackpack:diamond_tier_upgrade":1,"minecraft:stripped_bamboo_block":1,"minecraft:filled_map":1,"minecraft:bamboo_stairs":3,"minecraft:diamond_chestplate":1,"travelersbackpack:crafting_upgrade":2,"minecraft:oak_sapling":78,"minecraft:stone_pickaxe":5,"travelersbackpack:hose":1},"minecraft:killed":{"minecraft:skeleton":10,"minecraft:chicken":2,"minecraft:salmon":39,"minecraft:pillager":6,"minecraft:zombie":26,"minecraft:cow":92,"minecraft:wandering_trader":1,"minecraft:enderman":3,"minecraft:witch":1,"minecraft:spider":9,"minecraft:pig":5,"minecraft:creeper":1,"minecraft:sheep":6,"minecraft:trader_llama":2,"minecraft:drowned":4,"minecraft:squid":1},"minecraft:broken":{"minecraft:iron_boots":1,"minecraft:diamond_shovel":1,"minecraft:iron_sword":1,"minecraft:fishing_rod":2,"minecraft:shield":1,"minecraft:iron_axe":4,"minecraft:iron_pickaxe":14,"minecraft:iron_helmet":1,"minecraft:iron_shovel":8,"minecraft:golden_shovel":5,"minecraft:stone_pickaxe":52,"minecraft:stone_axe":2,"minecraft:stone_shovel":58},"minecraft:killed_by":{"minecraft:zombie":1,"minecraft:creeper":3,"minecraft:enderman":1,"minecraft:skeleton":6},"minecraft:crafted":{"travelersbackpack:crafting_upgrade":4,"minecraft:diorite_stairs":4,"minecraft:lever":2,"minecraft:bookshelf":18,"minecraft:cooked_mutton":4,"minecraft:glass":7,"minecraft:repeater":7,"travelersbackpack:purple_sleeping_bag":2,"minecraft:decorated_pot":1,"minecraft:dried_kelp_block":4187,"minecraft:magenta_dye":8,"minecraft:bamboo_raft":1,"minecraft:glass_bottle":96,"minecraft:redstone_lamp":1,"minecraft:cooked_porkchop":11,"minecraft:diamond_axe":1,"travelersbackpack:standard":13,"minecraft:smithing_table":1,"minecraft:copper_ingot":23,"minecraft:campfire":3,"minecraft:stone_brick_stairs":47,"minecraft:bamboo_planks":436,"minecraft:iron_pickaxe":12,"minecraft:gold_ingot":2,"minecraft:birch_stairs":20,"minecraft:magenta_wool":6,"minecraft:stone_shovel":60,"minecraft:spyglass":2,"minecraft:bone_meal":39,"travelersbackpack:blank_upgrade":16,"travelersbackpack:gold_tier_upgrade":5,"minecraft:bamboo_stairs":28,"minecraft:polished_diorite":112,"travelersbackpack:bee":3,"minecraft:stone_pickaxe":54,"minecraft:redstone_block":1,"minecraft:enchanting_table":1,"minecraft:dried_kelp":1439,"minecraft:polished_granite":8,"minecraft:glowstone":1,"minecraft:bamboo_slab":18,"minecraft:oak_fence_gate":1,"minecraft:birch_trapdoor":4,"minecraft:oak_stairs":4,"minecraft:iron_shovel":7,"minecraft:iron_leggings":2,"minecraft:oak_planks":1004,"minecraft:cobblestone_slab":18,"minecraft:cooked_chicken":1,"travelersbackpack:hose_nozzle":2,"minecraft:lightning_rod":1,"minecraft:stone":1217,"minecraft:bamboo_block":218,"minecraft:hopper":27,"minecraft:stone_brick_slab":108,"minecraft:bow":3,"minecraft:iron_boots":2,"minecraft:comparator":3,"minecraft:chest":69,"travelersbackpack:fox":6,"minecraft:bricks":1840,"minecraft:stone_hoe":2,"minecraft:oak_fence":57,"minecraft:polished_diorite_slab":204,"minecraft:smoker":1,"minecraft:oak_slab":6,"travelersbackpack:iron_tier_upgrade":5,"minecraft:crafting_table":5,"minecraft:spruce_planks":24,"minecraft:wooden_pickaxe":2,"minecraft:iron_helmet":2,"minecraft:brush":1,"minecraft:birch_pressure_plate":8,"minecraft:birch_planks":184,"travelersbackpack:blue_sleeping_bag":1,"minecraft:dispenser":3,"minecraft:paper":321,"travelersbackpack:wolf":7,"minecraft:book":55,"minecraft:iron_chestplate":2,"minecraft:diamond_pickaxe":1,"minecraft:purple_dye":16,"minecraft:shield":3,"minecraft:stick":564,"minecraft:light_weighted_pressure_plate":1,"minecraft:iron_ingot":67,"minecraft:stone_sword":2,"minecraft:redstone_torch":27,"minecraft:shears":1,"minecraft:polished_andesite":4,"minecraft:purple_wool":4,"minecraft:redstone":9,"minecraft:fishing_rod":4,"minecraft:tripwire_hook":4,"minecraft:furnace":5,"minecraft:piston":17,"minecraft:oak_trapdoor":2,"minecraft:flint_and_steel":1,"minecraft:scaffolding":354,"minecraft:iron_axe":5,"minecraft:observer":1,"travelersbackpack:diamond_tier_upgrade":5,"travelersbackpack:hose":2,"minecraft:red_dye":9,"minecraft:magenta_bed":2,"minecraft:diamond_sword":2,"minecraft:purple_stained_glass":64,"minecraft:iron_trapdoor":1,"travelersbackpack:backpack_tank":8,"minecraft:iron_sword":3,"minecraft:cooked_salmon":89,"minecraft:golden_shovel":5,"minecraft:bucket":1,"minecraft:stone_axe":3,"minecraft:bread":10,"minecraft:air":0,"minecraft:blue_dye":11,"minecraft:oak_boat":4,"minecraft:white_wool":17,"minecraft:white_dye":1,"minecraft:blue_wool":2,"minecraft:torch":120,"minecraft:trapped_chest":2,"minecraft:diamond_chestplate":1},"minecraft:custom":{"minecraft:interact_with_crafting_table":523,"minecraft:leave_game":27,"minecraft:time_since_death":2795,"minecraft:damage_blocked_by_shield":4109,"minecraft:play_time":2711292,"minecraft:deaths":72,"minecraft:jump":22812,"minecraft:enchant_item":1,"minecraft:interact_with_furnace":780,"minecraft:sleep_in_bed":91,"minecraft:damage_dealt":22034,"minecraft:interact_with_smoker":531,"minecraft:inspect_dispenser":77,"minecraft:interact_with_smithing_table":10,"minecraft:inspect_hopper":359,"minecraft:sneak_time":40031,"minecraft:interact_with_blast_furnace":39,"minecraft:total_world_time":2711292,"minecraft:tune_noteblock":15108,"minecraft:interact_with_stonecutter":26,"minecraft:time_since_rest":2819,"minecraft:swim_one_cm":2107539,"minecraft:fly_one_cm":4169226,"minecraft:open_chest":2263,"minecraft:fish_caught":92,"minecraft:fall_one_cm":433713,"minecraft:animals_bred":90,"minecraft:sprint_one_cm":6147142,"minecraft:drop":327,"minecraft:play_noteblock":6,"minecraft:talked_to_villager":14,"minecraft:interact_with_brewingstand":1,"minecraft:walk_on_water_one_cm":566354,"minecraft:crouch_one_cm":89041,"minecraft:mob_kills":211,"minecraft:climb_one_cm":57480,"minecraft:walk_one_cm":6910341,"minecraft:walk_under_water_one_cm":977158,"minecraft:boat_one_cm":206663,"minecraft:pot_flower":3,"minecraft:damage_taken":33838,"minecraft:trigger_trapped_chest":272},"minecraft:mined":{"minecraft:obsidian":14,"minecraft:granite":55,"minecraft:brown_wool":1,"minecraft:hopper":19,"travelersbackpack:wolf":8,"minecraft:spawner":1,"minecraft:tall_seagrass":26,"minecraft:magma_block":4,"minecraft:fire":13,"minecraft:pumpkin":1,"minecraft:fletching_table":3,"minecraft:deepslate_lapis_ore":1,"minecraft:water_cauldron":1,"minecraft:dirt_path":6,"minecraft:oak_stairs":6,"minecraft:stripped_bamboo_block":1,"minecraft:tripwire":2,"minecraft:bamboo_slab":37,"minecraft:brown_mushroom":61,"minecraft:red_bed":1,"minecraft:kelp_plant":8811,"minecraft:smoker":3,"minecraft:amethyst_cluster":3,"minecraft:note_block":2,"minecraft:torch":25,"minecraft:blast_furnace":2,"minecraft:polished_diorite_slab":98,"minecraft:glass":19,"minecraft:sugar_cane":62,"minecraft:bricks":99,"minecraft:amethyst_block":65,"minecraft:repeater":23,"minecraft:bamboo_planks":72,"minecraft:mud":65,"minecraft:wheat":277,"minecraft:magenta_bed":6,"minecraft:lilac":7,"minecraft:stone_brick_stairs":55,"minecraft:stonecutter":3,"minecraft:piston":9,"minecraft:deepslate":1389,"minecraft:redstone_wire":97,"minecraft:cartography_table":1,"minecraft:kelp":1460,"minecraft:redstone_ore":17,"minecraft:andesite":12,"minecraft:potatoes":120,"minecraft:cobblestone_slab":2,"minecraft:bamboo":382,"minecraft:white_wool":4,"minecraft:oak_slab":5,"minecraft:birch_stairs":1,"minecraft:redstone_block":2,"minecraft:comparator":3,"minecraft:stone_brick_slab":102,"minecraft:observer":1,"minecraft:dandelion":1,"minecraft:cornflower":6,"minecraft:campfire":1,"minecraft:copper_ore":21,"minecraft:dried_kelp_block":67,"minecraft:deepslate_gold_ore":17,"minecraft:diorite":282,"minecraft:white_carpet":1,"minecraft:spruce_log":13,"minecraft:birch_leaves":27,"minecraft:gravel":82,"minecraft:dripstone_block":8,"minecraft:cobweb":11,"minecraft:stone_bricks":314,"minecraft:gold_ore":9,"minecraft:iron_trapdoor":1,"minecraft:fern":31,"minecraft:large_amethyst_bud":2,"minecraft:potted_cactus":1,"minecraft:brewing_stand":1,"minecraft:budding_amethyst":2,"minecraft:grass_block":4987,"minecraft:polished_diorite":70,"minecraft:composter":1,"minecraft:smooth_stone":2,"minecraft:glowstone":15,"minecraft:iron_ore":141,"minecraft:pointed_dripstone":51,"minecraft:potted_cornflower":1,"minecraft:deepslate_redstone_ore":27,"minecraft:bamboo_stairs":18,"minecraft:clay":2568,"minecraft:poppy":39,"minecraft:chest":31,"minecraft:nether_quartz_ore":6,"minecraft:cobblestone":3028,"minecraft:oak_planks":76,"minecraft:wall_torch":36,"minecraft:light_weighted_pressure_plate":1,"minecraft:seagrass":19,"minecraft:birch_log":87,"minecraft:birch_trapdoor":5,"minecraft:light_gray_wool":1,"minecraft:oak_log":523,"minecraft:sand":342,"minecraft:dirt":3095,"minecraft:dispenser":9,"minecraft:netherrack":76,"minecraft:oak_leaves":209,"minecraft:tuff":47,"minecraft:deepslate_diamond_ore":11,"minecraft:oak_door":1,"minecraft:ladder":1,"minecraft:glow_lichen":1,"minecraft:lever":3,"minecraft:decorated_pot":2,"minecraft:spruce_leaves":11,"minecraft:large_fern":19,"minecraft:furnace":5,"minecraft:carrots":4,"minecraft:bell":1,"minecraft:deepslate_iron_ore":13,"minecraft:stripped_oak_log":2,"minecraft:packed_ice":9,"travelersbackpack:bee":1,"minecraft:wet_sponge":2,"minecraft:stone":4312,"minecraft:redstone_wall_torch":4,"minecraft:podzol":1,"minecraft:scaffolding":56,"minecraft:spruce_door":2,"minecraft:polished_granite":12,"travelersbackpack:standard":3,"minecraft:oak_fence":31,"minecraft:crafting_table":2,"minecraft:stone_slab":1,"minecraft:lapis_ore":30,"minecraft:lily_pad":3,"minecraft:gray_wool":1,"minecraft:cactus":16,"minecraft:beehive":1,"minecraft:redstone_torch":19,"minecraft:sweet_berry_bush":50,"minecraft:ice":2,"minecraft:white_wall_banner":4,"minecraft:bee_nest":1,"minecraft:coal_ore":126,"minecraft:polished_andesite":4},"minecraft:picked_up":{"minecraft:iron_chestplate":4,"minecraft:flower_pot":6,"minecraft:stone_slab":7,"minecraft:smithing_table":1,"minecraft:lead":7,"minecraft:oak_stairs":7,"minecraft:enchanted_book":2,"minecraft:brewing_stand":1,"minecraft:amethyst_block":65,"minecraft:string":168,"minecraft:cooked_salmon":185,"minecraft:pufferfish":10,"minecraft:cobbled_deepslate":1453,"minecraft:spruce_planks":5,"minecraft:beehive":1,"minecraft:composter":1,"minecraft:bamboo_slab":43,"minecraft:cauldron":1,"minecraft:rabbit_foot":2,"minecraft:bamboo_block":1,"minecraft:stone_sword":4,"minecraft:honey_bottle":4,"minecraft:birch_log":87,"minecraft:magma_block":8,"minecraft:polished_diorite_slab":134,"minecraft:feather":2,"minecraft:brown_wool":4,"minecraft:smoker":3,"minecraft:flint":16,"minecraft:magenta_bed":6,"minecraft:purple_stained_glass":56,"minecraft:map":2,"minecraft:lantern":9,"minecraft:stripped_bamboo_block":1,"minecraft:stonecutter":3,"minecraft:glowstone_dust":44,"minecraft:honeycomb":12,"minecraft:ink_sac":15,"minecraft:polished_andesite":4,"minecraft:dispenser":9,"minecraft:lever":3,"minecraft:granite":154,"minecraft:golden_horse_armor":1,"minecraft:bread":4,"minecraft:light_gray_carpet":1,"minecraft:bricks":186,"minecraft:diamond_pickaxe":2,"minecraft:mud":66,"minecraft:crafting_table":3,"minecraft:clay_ball":10204,"minecraft:cornflower":71,"minecraft:red_bed":1,"minecraft:flint_and_steel":1,"minecraft:white_carpet":2,"minecraft:iron_shovel":5,"minecraft:cartography_table":1,"minecraft:beef":164,"minecraft:poppy":46,"minecraft:chest":35,"minecraft:birch_sapling":37,"minecraft:piston":9,"minecraft:egg":6,"minecraft:stone":95,"minecraft:oak_door":4,"minecraft:carrot":5,"minecraft:redstone":331,"minecraft:stone_shovel":5,"minecraft:decorated_pot":2,"minecraft:shears":2,"minecraft:gold_ingot":2,"minecraft:mutton":15,"minecraft:white_wool":15,"minecraft:stripped_oak_log":2,"minecraft:bamboo_stairs":21,"minecraft:tripwire_hook":7,"minecraft:filled_map":1,"minecraft:oak_log":612,"minecraft:lily_pad":3,"minecraft:paper":21,"minecraft:white_banner":6,"minecraft:birch_pressure_plate":4,"travelersbackpack:cake":1,"minecraft:stone_bricks":546,"minecraft:apple":21,"minecraft:kelp":42869,"minecraft:stone_pickaxe":9,"minecraft:glass_bottle":35,"minecraft:iron_sword":4,"minecraft:sweet_berries":846,"minecraft:gravel":133,"minecraft:birch_stairs":5,"minecraft:spruce_sapling":1,"minecraft:spruce_log":12,"travelersbackpack:wolf":9,"minecraft:oak_wood":4,"travelersbackpack:standard":9,"minecraft:diamond_shovel":2,"minecraft:stone_axe":4,"minecraft:polished_diorite":70,"minecraft:gray_wool":3,"minecraft:baked_potato":5,"minecraft:hopper":19,"minecraft:ender_pearl":4,"minecraft:wheat":320,"minecraft:redstone_block":2,"minecraft:iron_trapdoor":1,"minecraft:potion":158,"minecraft:stone_brick_stairs":58,"minecraft:raw_copper":88,"minecraft:iron_leggings":4,"minecraft:smooth_stone":2,"minecraft:comparator":3,"minecraft:bucket":3,"minecraft:light_weighted_pressure_plate":2,"minecraft:cobblestone_slab":8,"minecraft:redstone_torch":24,"minecraft:iron_pickaxe":9,"minecraft:iron_boots":4,"minecraft:furnace":5,"minecraft:stick":283,"minecraft:birch_trapdoor":5,"minecraft:oak_fence":28,"minecraft:torch":99,"travelersbackpack:iron_tier_upgrade":1,"travelersbackpack:diamond_tier_upgrade":1,"minecraft:porkchop":22,"minecraft:dried_kelp":38,"minecraft:pointed_dripstone":196,"minecraft:diorite":574,"travelersbackpack:crafting_upgrade":3,"minecraft:cactus":42,"minecraft:rotten_flesh":47,"minecraft:obsidian":14,"minecraft:cod":4,"minecraft:cobblestone":5386,"minecraft:lilac":6,"minecraft:repeater":23,"minecraft:andesite":53,"minecraft:potato":388,"minecraft:magenta_dye":2,"minecraft:tuff":55,"minecraft:dirt":8546,"minecraft:lapis_lazuli":422,"minecraft:polished_granite":12,"minecraft:leather_boots":1,"minecraft:glass":7,"minecraft:bone":54,"minecraft:wheat_seeds":808,"minecraft:raw_gold":33,"minecraft:bell":1,"travelersbackpack:bee":2,"minecraft:fletching_table":3,"minecraft:bamboo":3505,"minecraft:oak_planks":238,"minecraft:stone_hoe":1,"minecraft:cooked_porkchop":11,"minecraft:poisonous_potato":2,"minecraft:sand":433,"minecraft:grass_block":3,"minecraft:diamond":104,"minecraft:crossbow":11,"minecraft:bone_meal":21,"minecraft:oak_sapling":220,"minecraft:netherrack":74,"minecraft:oak_leaves":3,"minecraft:charcoal":12,"minecraft:chicken":2,"minecraft:ladder":1,"minecraft:brown_mushroom":114,"minecraft:shield":4,"minecraft:iron_axe":2,"minecraft:oak_boat":8,"minecraft:observer":1,"minecraft:light_gray_wool":2,"minecraft:sugar_cane":195,"minecraft:raw_iron":165,"minecraft:copper_ingot":70,"minecraft:bowl":1,"minecraft:note_block":2,"minecraft:arrow":37,"minecraft:wet_sponge":2,"minecraft:glow_ink_sac":1,"minecraft:salmon":118,"minecraft:leather":99,"minecraft:birch_planks":14,"minecraft:gunpowder":8,"minecraft:cooked_mutton":8,"minecraft:rabbit_hide":2,"minecraft:iron_ingot":172,"minecraft:cooked_chicken":1,"minecraft:oak_slab":7,"minecraft:scaffolding":223,"minecraft:pumpkin":2,"minecraft:bamboo_planks":134,"minecraft:stone_brick_slab":109,"minecraft:brush":2,"minecraft:quartz":5,"minecraft:dandelion":2,"minecraft:dripstone_block":8,"minecraft:amethyst_shard":12,"minecraft:blast_furnace":3,"minecraft:spruce_door":4,"minecraft:spider_eye":8,"travelersbackpack:fox":5,"minecraft:dried_kelp_block":318,"minecraft:iron_helmet":4,"minecraft:coal":318},"minecraft:used":{"minecraft:dispenser":11,"minecraft:poppy":14,"minecraft:ladder":1,"minecraft:chest":67,"minecraft:lava_bucket":27,"minecraft:grass_block":22,"minecraft:stone_brick_stairs":81,"minecraft:sweet_berries":281,"minecraft:furnace":9,"minecraft:oak_sapling":8,"minecraft:egg":2,"minecraft:potato":115,"minecraft:diorite":359,"minecraft:cactus":22,"minecraft:wooden_pickaxe":11,"minecraft:composter":1,"minecraft:sand":30,"minecraft:blast_furnace":2,"minecraft:lightning_rod":1,"minecraft:polished_granite":12,"minecraft:smithing_table":2,"minecraft:oak_boat":8,"minecraft:diorite_stairs":1,"minecraft:oak_trapdoor":2,"minecraft:enchanting_table":1,"minecraft:stone_sword":50,"minecraft:cooked_salmon":186,"minecraft:netherrack":4,"minecraft:torch":128,"minecraft:golden_shovel":161,"minecraft:oak_fence_gate":1,"minecraft:polished_diorite":81,"minecraft:iron_axe":1183,"minecraft:light_weighted_pressure_plate":3,"minecraft:bamboo":77,"minecraft:tripwire_hook":2,"minecraft:iron_trapdoor":2,"travelersbackpack:hose":131,"minecraft:trapped_chest":2,"minecraft:cobbled_deepslate":3,"minecraft:observer":2,"minecraft:pointed_dripstone":181,"minecraft:wheat_seeds":467,"minecraft:water_bucket":161,"minecraft:cartography_table":1,"minecraft:fletching_table":3,"minecraft:salmon":3,"minecraft:comparator":6,"minecraft:oak_slab":7,"minecraft:crafting_table":6,"minecraft:campfire":3,"minecraft:oak_log":86,"minecraft:mud":66,"minecraft:diamond_pickaxe":214,"minecraft:cornflower":1,"minecraft:diamond_shovel":643,"minecraft:iron_pickaxe":3750,"minecraft:bamboo_slab":38,"minecraft:spruce_sapling":1,"minecraft:cobblestone":152,"minecraft:potion":231,"travelersbackpack:standard":12,"minecraft:brush":12,"minecraft:kelp":1018,"minecraft:iron_shovel":1596,"minecraft:decorated_pot":3,"minecraft:shield":50,"minecraft:iron_sword":699,"minecraft:birch_pressure_plate":12,"minecraft:tuff":12,"minecraft:obsidian":12,"minecraft:glass":60,"minecraft:bricks":1949,"minecraft:stone_bricks":269,"minecraft:birch_trapdoor":9,"minecraft:repeater":30,"minecraft:redstone_lamp":1,"minecraft:scaffolding":102,"minecraft:stone_pickaxe":6714,"minecraft:oak_planks":150,"minecraft:polished_diorite_slab":270,"minecraft:redstone_block":2,"minecraft:diamond_axe":6,"minecraft:sugar_cane":25,"minecraft:white_wool":13,"minecraft:bamboo_stairs":23,"travelersbackpack:bee":4,"minecraft:crossbow":1,"minecraft:sponge":53,"minecraft:dripstone_block":6,"minecraft:note_block":3,"minecraft:shears":6,"minecraft:redstone_torch":27,"minecraft:lever":4,"minecraft:bread":6,"minecraft:brown_wool":2,"minecraft:string":4,"minecraft:gravel":67,"minecraft:andesite":31,"minecraft:air":196,"minecraft:bone_meal":32,"minecraft:oak_fence":42,"minecraft:flint_and_steel":1,"minecraft:stone_shovel":7704,"minecraft:redstone":138,"minecraft:dried_kelp":3,"minecraft:stone_hoe":4,"minecraft:cooked_chicken":1,"minecraft:dried_kelp_block":71,"minecraft:oak_door":3,"minecraft:spyglass":4,"minecraft:dirt":4088,"minecraft:hopper":48,"minecraft:granite":120,"minecraft:stone_brick_slab":192,"minecraft:bookshelf":18,"minecraft:oak_stairs":12,"minecraft:light_gray_wool":2,"travelersbackpack:cake":1,"minecraft:cooked_beef":61,"minecraft:bamboo_planks":409,"travelersbackpack:fox":5,"minecraft:cooked_mutton":20,"minecraft:amethyst_block":1,"minecraft:glass_bottle":276,"minecraft:polished_andesite":4,"minecraft:baked_potato":34,"minecraft:stonecutter":3,"minecraft:cobblestone_slab":18,"minecraft:magenta_bed":8,"minecraft:bamboo_block":1,"travelersbackpack:wolf":58,"minecraft:smoker":4,"minecraft:piston":26,"minecraft:flower_pot":3,"minecraft:apple":1,"minecraft:map":1,"minecraft:stone_axe":266,"minecraft:fishing_rod":554,"minecraft:white_banner":4,"minecraft:bucket":182,"minecraft:gray_wool":1,"minecraft:smooth_stone":2,"minecraft:splash_potion":22,"minecraft:birch_stairs":17}},"DataVersion":3465}