{"stats":{"minecraft:killed_by":{"minecraft:zombie":2,"minecraft:creeper":3,"minecraft:enderman":2,"minecraft:skeleton":9},"minecraft:dropped":{"minecraft:lapis_lazuli":203,"minecraft:diamond":34,"minecraft:cooked_porkchop":6,"minecraft:crossbow":4,"travelersbackpack:iron_tier_upgrade":1,"minecraft:rail":5,"minecraft:dirt":193,"minecraft:bone_meal":1,"minecraft:sand":3,"minecraft:iron_pickaxe":3,"minecraft:fishing_rod":1,"minecraft:white_wool":4,"minecraft:bone":29,"minecraft:stone_axe":1,"minecraft:cobbled_deepslate":1437,"minecraft:birch_sapling":10,"minecraft:wheat":81,"minecraft:rotten_flesh":46,"minecraft:oak_planks":30,"minecraft:salmon":21,"travelersbackpack:fox":4,"minecraft:stone_brick_stairs":3,"minecraft:egg":5,"minecraft:golden_boots":1,"minecraft:iron_ingot":22,"minecraft:wheat_seeds":343,"minecraft:cobblestone":4,"minecraft:purple_dye":1,"travelersbackpack:wolf":1,"minecraft:coal":1,"minecraft:golden_apple":1,"minecraft:lava_bucket":1,"minecraft:cooked_salmon":51,"minecraft:diamond_helmet":1,"minecraft:potion":25,"minecraft:dried_kelp":4,"minecraft:iron_shovel":2,"minecraft:bamboo_slab":9,"minecraft:string":17,"minecraft:spruce_sapling":3,"minecraft:bamboo_planks":14,"minecraft:bricks":93,"minecraft:stone_sword":1,"minecraft:stone_shovel":2,"minecraft:clay_ball":64,"minecraft:purple_stained_glass":120,"minecraft:diamond_sword":1,"minecraft:stone":179,"minecraft:diamond_pickaxe":2,"minecraft:spider_eye":6,"minecraft:stone_bricks":640,"minecraft:bamboo":1088,"minecraft:bow":1,"minecraft:birch_planks":2,"minecraft:oak_log":16,"minecraft:baked_potato":79,"travelersbackpack:bee":1,"travelersbackpack:standard":3,"minecraft:brush":1,"minecraft:cooked_cod":28,"minecraft:gold_ingot":3,"minecraft:gravel":14,"minecraft:spyglass":1,"minecraft:pointed_dripstone":2,"minecraft:diorite_stairs":3,"minecraft:carrot":3,"minecraft:rabbit_hide":2,"minecraft:poppy":2,"minecraft:gunpowder":1,"minecraft:chest":1,"minecraft:arrow":13,"minecraft:powered_rail":2,"minecraft:scaffolding":543,"minecraft:quartz":28,"minecraft:oak_leaves":2,"minecraft:water_bucket":1,"minecraft:bread":9,"minecraft:poisonous_potato":3,"minecraft:lead":4,"minecraft:copper_ingot":1,"minecraft:tropical_fish":1,"minecraft:stick":22,"minecraft:torch":69,"minecraft:brown_wool":1,"minecraft:map":2,"minecraft:redstone":2,"minecraft:sweet_berries":163,"minecraft:kelp":256,"minecraft:tuff":30,"travelersbackpack:diamond_tier_upgrade":1,"minecraft:stripped_bamboo_block":1,"minecraft:filled_map":1,"minecraft:bamboo_stairs":3,"minecraft:shield":1,"minecraft:diamond_chestplate":1,"travelersbackpack:crafting_upgrade":2,"minecraft:oak_sapling":78,"minecraft:stone_pickaxe":5,"travelersbackpack:hose":1},"minecraft:used":{"minecraft:dispenser":11,"minecraft:poppy":14,"minecraft:ladder":1,"minecraft:chest":67,"minecraft:lava_bucket":27,"minecraft:grass_block":22,"minecraft:stone_brick_stairs":100,"minecraft:sweet_berries":281,"minecraft:furnace":9,"minecraft:oak_sapling":8,"minecraft:egg":2,"minecraft:potato":190,"minecraft:diorite":359,"minecraft:cactus":22,"minecraft:wooden_pickaxe":11,"minecraft:composter":1,"minecraft:sand":30,"minecraft:blast_furnace":2,"minecraft:lightning_rod":1,"minecraft:polished_granite":12,"minecraft:diamond_sword":68,"minecraft:smithing_table":2,"minecraft:oak_boat":8,"minecraft:diorite_stairs":1,"minecraft:oak_trapdoor":2,"minecraft:enchanting_table":1,"minecraft:stone_sword":50,"minecraft:cooked_salmon":192,"minecraft:netherrack":56,"minecraft:torch":149,"minecraft:golden_shovel":161,"minecraft:oak_fence_gate":1,"minecraft:polished_diorite":178,"minecraft:iron_axe":1318,"minecraft:light_weighted_pressure_plate":3,"minecraft:bamboo":77,"minecraft:tripwire_hook":2,"minecraft:iron_trapdoor":2,"travelersbackpack:hose":174,"minecraft:trapped_chest":2,"minecraft:cobbled_deepslate":11,"minecraft:observer":2,"minecraft:pointed_dripstone":181,"minecraft:wheat_seeds":551,"minecraft:water_bucket":161,"minecraft:cartography_table":1,"minecraft:fletching_table":3,"minecraft:salmon":3,"minecraft:comparator":6,"minecraft:oak_slab":7,"minecraft:crafting_table":6,"minecraft:campfire":3,"minecraft:oak_log":114,"minecraft:mud":78,"minecraft:diamond_pickaxe":994,"minecraft:cornflower":1,"minecraft:diamond_shovel":770,"minecraft:iron_pickaxe":4000,"minecraft:bamboo_slab":45,"minecraft:spruce_sapling":1,"minecraft:cobblestone":153,"minecraft:potion":231,"travelersbackpack:standard":12,"minecraft:brush":12,"minecraft:kelp":1018,"minecraft:iron_shovel":1596,"minecraft:decorated_pot":3,"minecraft:shield":92,"minecraft:iron_sword":783,"minecraft:birch_pressure_plate":12,"minecraft:tuff":12,"minecraft:obsidian":12,"minecraft:glass":61,"minecraft:bricks":3169,"minecraft:stone_bricks":286,"minecraft:birch_trapdoor":9,"minecraft:repeater":30,"minecraft:redstone_lamp":1,"minecraft:scaffolding":129,"travelersbackpack:enderman":5,"minecraft:stone_pickaxe":6997,"minecraft:oak_planks":150,"minecraft:polished_diorite_slab":301,"minecraft:redstone_block":2,"minecraft:sugar_cane":25,"minecraft:diamond_axe":6,"minecraft:bamboo_stairs":27,"minecraft:white_wool":13,"travelersbackpack:bee":4,"minecraft:crossbow":1,"minecraft:sponge":53,"minecraft:dripstone_block":6,"minecraft:note_block":3,"minecraft:shears":6,"minecraft:redstone_torch":28,"minecraft:lever":4,"minecraft:string":4,"minecraft:bread":6,"minecraft:brown_wool":2,"minecraft:gravel":68,"minecraft:andesite":31,"minecraft:chest_minecart":1,"minecraft:air":196,"minecraft:bone_meal":32,"minecraft:oak_fence":42,"minecraft:flint_and_steel":1,"minecraft:stone_shovel":8536,"minecraft:redstone":148,"minecraft:dried_kelp":3,"minecraft:stone_hoe":4,"minecraft:cooked_chicken":1,"minecraft:dried_kelp_block":71,"minecraft:oak_door":3,"minecraft:spyglass":4,"minecraft:dirt":5281,"minecraft:hopper":48,"minecraft:granite":120,"minecraft:stone_brick_slab":257,"minecraft:bookshelf":18,"minecraft:oak_stairs":12,"minecraft:light_gray_wool":2,"travelersbackpack:cake":1,"minecraft:cooked_beef":104,"minecraft:bamboo_planks":511,"travelersbackpack:fox":5,"minecraft:cooked_mutton":20,"minecraft:amethyst_block":1,"minecraft:glass_bottle":276,"minecraft:polished_andesite":4,"minecraft:baked_potato":48,"minecraft:stonecutter":3,"minecraft:cobblestone_slab":18,"minecraft:magenta_bed":8,"minecraft:bamboo_block":1,"travelersbackpack:wolf":104,"minecraft:smoker":4,"minecraft:piston":26,"minecraft:flower_pot":3,"minecraft:apple":1,"minecraft:map":1,"minecraft:stone_axe":266,"minecraft:fishing_rod":724,"minecraft:white_banner":4,"minecraft:bucket":182,"minecraft:gray_wool":1,"minecraft:smooth_stone":2,"minecraft:splash_potion":22,"minecraft:birch_stairs":17},"minecraft:broken":{"minecraft:iron_boots":1,"minecraft:diamond_shovel":1,"minecraft:iron_sword":2,"minecraft:fishing_rod":2,"minecraft:shield":2,"minecraft:iron_axe":4,"minecraft:iron_pickaxe":15,"minecraft:iron_helmet":2,"minecraft:iron_shovel":8,"minecraft:golden_shovel":5,"minecraft:stone_pickaxe":54,"minecraft:stone_axe":2,"minecraft:stone_shovel":64},"minecraft:custom":{"minecraft:interact_with_crafting_table":573,"minecraft:leave_game":33,"minecraft:time_since_death":191,"minecraft:damage_blocked_by_shield":7949,"minecraft:play_time":3141863,"minecraft:deaths":85,"minecraft:jump":27317,"minecraft:enchant_item":2,"minecraft:interact_with_furnace":821,"minecraft:sleep_in_bed":118,"minecraft:damage_dealt":29525,"minecraft:interact_with_smoker":573,"minecraft:inspect_dispenser":78,"minecraft:interact_with_smithing_table":14,"minecraft:inspect_hopper":378,"minecraft:sneak_time":43086,"minecraft:interact_with_blast_furnace":41,"minecraft:total_world_time":3141863,"minecraft:tune_noteblock":25356,"minecraft:interact_with_stonecutter":33,"minecraft:time_since_rest":218,"minecraft:swim_one_cm":2298229,"minecraft:fly_one_cm":5209983,"minecraft:open_chest":2553,"minecraft:fish_caught":134,"minecraft:fall_one_cm":516955,"minecraft:animals_bred":127,"minecraft:sprint_one_cm":7496155,"minecraft:drop":365,"minecraft:play_noteblock":6,"minecraft:talked_to_villager":14,"minecraft:interact_with_brewingstand":1,"minecraft:walk_on_water_one_cm":619214,"minecraft:crouch_one_cm":98582,"minecraft:mob_kills":261,"minecraft:climb_one_cm":65119,"minecraft:walk_one_cm":8003427,"minecraft:walk_under_water_one_cm":1014137,"minecraft:boat_one_cm":206663,"minecraft:pot_flower":3,"minecraft:damage_taken":40111,"minecraft:trigger_trapped_chest":333},"minecraft:killed":{"minecraft:skeleton":19,"minecraft:chicken":2,"minecraft:magma_cube":5,"minecraft:salmon":39,"minecraft:pillager":6,"minecraft:zombie":34,"minecraft:cow":110,"minecraft:wandering_trader":1,"minecraft:enderman":8,"minecraft:witch":2,"minecraft:spider":9,"minecraft:pig":5,"minecraft:creeper":2,"minecraft:sheep":6,"minecraft:trader_llama":2,"minecraft:ghast":2,"minecraft:drowned":4,"minecraft:squid":1},"minecraft:crafted":{"travelersbackpack:crafting_upgrade":5,"ironfurnaces:iron_furnace":3,"travelersbackpack:enderman":3,"minecraft:diorite_stairs":4,"minecraft:lever":2,"minecraft:bookshelf":18,"minecraft:cooked_mutton":4,"minecraft:glass":7,"minecraft:diamond_helmet":1,"minecraft:repeater":7,"travelersbackpack:purple_sleeping_bag":2,"minecraft:decorated_pot":1,"minecraft:dried_kelp_block":4882,"minecraft:magenta_dye":8,"minecraft:bamboo_raft":1,"minecraft:glass_bottle":96,"minecraft:redstone_lamp":1,"minecraft:cooked_porkchop":11,"minecraft:diamond_axe":1,"travelersbackpack:standard":14,"minecraft:smithing_table":1,"minecraft:copper_ingot":23,"minecraft:campfire":3,"minecraft:stone_brick_stairs":62,"minecraft:bamboo_planks":536,"minecraft:iron_pickaxe":13,"minecraft:gold_ingot":75,"minecraft:birch_stairs":20,"minecraft:magenta_wool":6,"minecraft:stone_shovel":66,"minecraft:spyglass":2,"minecraft:bone_meal":39,"travelersbackpack:blank_upgrade":20,"travelersbackpack:gold_tier_upgrade":6,"minecraft:bamboo_stairs":32,"minecraft:polished_diorite":144,"travelersbackpack:bee":3,"minecraft:stone_pickaxe":57,"minecraft:redstone_block":1,"minecraft:enchanting_table":1,"minecraft:dried_kelp":1439,"minecraft:polished_granite":8,"minecraft:glowstone":1,"minecraft:bamboo_slab":30,"minecraft:oak_fence_gate":1,"minecraft:birch_trapdoor":4,"minecraft:oak_stairs":4,"minecraft:iron_shovel":7,"minecraft:iron_leggings":2,"minecraft:oak_planks":1036,"minecraft:cobblestone_slab":18,"minecraft:cooked_chicken":1,"travelersbackpack:hose_nozzle":2,"minecraft:lightning_rod":1,"minecraft:stone":1217,"minecraft:bamboo_block":268,"minecraft:hopper":27,"minecraft:stone_brick_slab":120,"minecraft:bow":3,"minecraft:iron_boots":2,"minecraft:comparator":3,"minecraft:chest":72,"travelersbackpack:fox":6,"minecraft:bricks":3054,"minecraft:stone_hoe":2,"minecraft:oak_fence":57,"minecraft:polished_diorite_slab":204,"minecraft:golden_boots":2,"minecraft:smoker":1,"minecraft:oak_slab":6,"travelersbackpack:iron_tier_upgrade":6,"minecraft:crafting_table":6,"minecraft:spruce_planks":24,"minecraft:wooden_pickaxe":2,"minecraft:iron_helmet":3,"minecraft:brush":1,"minecraft:birch_pressure_plate":8,"minecraft:gold_block":3,"minecraft:birch_planks":184,"travelersbackpack:blue_sleeping_bag":2,"minecraft:dispenser":3,"travelersbackpack:wolf":7,"minecraft:book":55,"minecraft:iron_chestplate":2,"minecraft:paper":321,"minecraft:diamond_pickaxe":1,"minecraft:purple_dye":16,"minecraft:shield":5,"minecraft:stick":564,"minecraft:light_weighted_pressure_plate":1,"minecraft:iron_ingot":67,"minecraft:stone_sword":2,"minecraft:redstone_torch":28,"minecraft:shears":1,"minecraft:polished_andesite":4,"minecraft:purple_wool":4,"minecraft:redstone":9,"minecraft:fishing_rod":5,"minecraft:tripwire_hook":4,"minecraft:furnace":5,"minecraft:piston":17,"minecraft:oak_trapdoor":2,"minecraft:flint_and_steel":1,"minecraft:scaffolding":354,"minecraft:iron_axe":5,"minecraft:observer":1,"travelersbackpack:diamond_tier_upgrade":6,"travelersbackpack:hose":2,"minecraft:red_dye":9,"minecraft:magenta_bed":2,"minecraft:diamond_sword":2,"minecraft:purple_stained_glass":64,"minecraft:iron_trapdoor":1,"travelersbackpack:backpack_tank":12,"minecraft:iron_sword":4,"minecraft:cooked_salmon":89,"minecraft:golden_shovel":5,"minecraft:bucket":1,"minecraft:stone_axe":3,"minecraft:bread":10,"minecraft:air":0,"minecraft:blue_dye":13,"minecraft:oak_boat":4,"minecraft:white_wool":20,"minecraft:white_dye":1,"minecraft:blue_wool":4,"minecraft:torch":120,"minecraft:trapped_chest":2,"minecraft:diamond_chestplate":1},"minecraft:picked_up":{"minecraft:iron_chestplate":4,"minecraft:flower_pot":6,"minecraft:lead":15,"minecraft:smithing_table":1,"minecraft:stone_slab":7,"minecraft:oak_stairs":7,"minecraft:enchanted_book":2,"minecraft:brewing_stand":1,"minecraft:amethyst_block":65,"minecraft:string":170,"minecraft:soul_soil":5,"minecraft:cooked_salmon":185,"minecraft:pufferfish":10,"minecraft:gold_nugget":667,"minecraft:cobbled_deepslate":1473,"travelersbackpack:enderman":1,"minecraft:spruce_planks":5,"minecraft:beehive":1,"minecraft:composter":1,"minecraft:bamboo_slab":43,"minecraft:rabbit_foot":3,"minecraft:cauldron":1,"minecraft:bamboo_block":1,"minecraft:stone_sword":4,"minecraft:honey_bottle":4,"minecraft:birch_log":87,"minecraft:magma_block":8,"minecraft:polished_diorite_slab":134,"minecraft:feather":2,"minecraft:brown_wool":4,"minecraft:smoker":3,"minecraft:flint":17,"minecraft:magenta_bed":6,"minecraft:purple_stained_glass":56,"minecraft:lantern":9,"minecraft:map":2,"minecraft:stripped_bamboo_block":1,"minecraft:stonecutter":3,"minecraft:glowstone_dust":44,"minecraft:honeycomb":12,"minecraft:ink_sac":15,"minecraft:polished_andesite":4,"minecraft:dispenser":9,"minecraft:lever":3,"minecraft:granite":154,"minecraft:golden_horse_armor":1,"minecraft:bread":4,"minecraft:light_gray_carpet":1,"minecraft:bricks":192,"minecraft:diamond_pickaxe":2,"minecraft:mud":78,"minecraft:crafting_table":3,"minecraft:clay_ball":13584,"minecraft:cornflower":71,"minecraft:red_bed":1,"minecraft:flint_and_steel":1,"minecraft:white_carpet":2,"minecraft:compass":1,"minecraft:iron_shovel":5,"minecraft:cartography_table":1,"minecraft:beef":203,"minecraft:poppy":46,"minecraft:chest":35,"minecraft:birch_sapling":37,"minecraft:piston":9,"minecraft:egg":6,"minecraft:stone":95,"minecraft:oak_door":4,"minecraft:carrot":47,"minecraft:redstone":447,"minecraft:stone_shovel":5,"minecraft:decorated_pot":2,"minecraft:shears":2,"minecraft:gold_ingot":2,"minecraft:mutton":15,"minecraft:bone_block":11,"minecraft:rail":5,"minecraft:white_wool":15,"minecraft:stripped_oak_log":2,"minecraft:bamboo_stairs":21,"minecraft:tripwire_hook":7,"minecraft:filled_map":1,"minecraft:oak_log":616,"minecraft:lily_pad":3,"minecraft:paper":21,"minecraft:white_banner":6,"minecraft:birch_pressure_plate":4,"travelersbackpack:cake":1,"minecraft:stone_bricks":619,"minecraft:apple":21,"minecraft:kelp":49061,"minecraft:stone_pickaxe":9,"minecraft:glass_bottle":35,"minecraft:iron_sword":4,"minecraft:sweet_berries":846,"minecraft:gravel":153,"minecraft:birch_stairs":5,"minecraft:spruce_sapling":1,"minecraft:spruce_log":12,"travelersbackpack:wolf":13,"minecraft:oak_wood":4,"travelersbackpack:standard":9,"minecraft:diamond_shovel":2,"minecraft:stone_axe":4,"minecraft:polished_diorite":70,"minecraft:gray_wool":3,"minecraft:baked_potato":5,"minecraft:hopper":19,"minecraft:ender_pearl":7,"minecraft:wheat":403,"minecraft:redstone_block":2,"minecraft:iron_trapdoor":1,"minecraft:potion":159,"minecraft:nether_brick":7,"minecraft:stone_brick_stairs":60,"minecraft:raw_copper":105,"minecraft:iron_leggings":4,"minecraft:smooth_stone":2,"minecraft:comparator":3,"minecraft:bucket":3,"minecraft:light_weighted_pressure_plate":2,"minecraft:cobblestone_slab":8,"minecraft:redstone_torch":24,"minecraft:iron_pickaxe":9,"minecraft:iron_boots":4,"minecraft:furnace":7,"minecraft:stick":283,"minecraft:birch_trapdoor":5,"minecraft:oak_fence":28,"minecraft:torch":99,"travelersbackpack:iron_tier_upgrade":1,"travelersbackpack:diamond_tier_upgrade":1,"minecraft:porkchop":22,"minecraft:dried_kelp":38,"minecraft:pointed_dripstone":217,"minecraft:diorite":576,"travelersbackpack:crafting_upgrade":3,"minecraft:cactus":42,"minecraft:rotten_flesh":51,"minecraft:obsidian":14,"minecraft:cod":4,"minecraft:cobblestone":6134,"minecraft:lilac":6,"minecraft:repeater":23,"minecraft:andesite":53,"minecraft:golden_leggings":1,"minecraft:potato":605,"minecraft:magenta_dye":2,"minecraft:tuff":56,"minecraft:lapis_lazuli":422,"minecraft:dirt":8711,"minecraft:polished_granite":12,"minecraft:leather_boots":1,"minecraft:glass":7,"minecraft:bone":59,"minecraft:bow":1,"minecraft:wheat_seeds":1045,"minecraft:raw_gold":47,"minecraft:bell":1,"travelersbackpack:bee":2,"minecraft:fletching_table":3,"minecraft:bamboo":3944,"minecraft:powered_rail":2,"minecraft:oak_planks":238,"minecraft:stone_hoe":1,"minecraft:cooked_porkchop":11,"minecraft:poisonous_potato":4,"minecraft:sand":433,"minecraft:grass_block":4,"minecraft:diamond":130,"minecraft:crossbow":11,"minecraft:bone_meal":21,"minecraft:emerald":2,"minecraft:oak_sapling":220,"minecraft:netherrack":284,"minecraft:oak_leaves":3,"minecraft:charcoal":12,"minecraft:chicken":2,"minecraft:ladder":1,"minecraft:chest_minecart":1,"minecraft:brown_mushroom":114,"minecraft:shield":4,"minecraft:iron_axe":2,"minecraft:oak_boat":8,"minecraft:observer":1,"minecraft:light_gray_wool":2,"minecraft:sugar_cane":195,"minecraft:raw_iron":192,"minecraft:copper_ingot":70,"minecraft:bowl":1,"minecraft:note_block":2,"minecraft:arrow":41,"minecraft:wet_sponge":2,"minecraft:glow_ink_sac":1,"minecraft:salmon":118,"minecraft:leather":113,"minecraft:birch_planks":14,"minecraft:gunpowder":8,"minecraft:cooked_mutton":8,"minecraft:rabbit_hide":2,"minecraft:iron_ingot":172,"minecraft:cooked_chicken":1,"minecraft:soul_sand":5,"minecraft:oak_slab":7,"minecraft:scaffolding":250,"minecraft:pumpkin":2,"minecraft:bamboo_planks":204,"minecraft:stone_brick_slab":167,"minecraft:brush":2,"minecraft:quartz":68,"minecraft:dandelion":2,"minecraft:dripstone_block":18,"minecraft:amethyst_shard":12,"minecraft:blast_furnace":3,"minecraft:spruce_door":4,"minecraft:spider_eye":8,"travelersbackpack:fox":5,"minecraft:dried_kelp_block":328,"minecraft:iron_helmet":4,"minecraft:coal":318},"minecraft:mined":{"minecraft:obsidian":14,"minecraft:granite":55,"minecraft:brown_wool":1,"minecraft:hopper":19,"travelersbackpack:wolf":12,"minecraft:spawner":1,"minecraft:tall_seagrass":26,"minecraft:magma_block":4,"minecraft:fire":40,"minecraft:pumpkin":1,"minecraft:fletching_table":3,"minecraft:deepslate_lapis_ore":1,"minecraft:water_cauldron":1,"minecraft:dirt_path":6,"minecraft:oak_stairs":6,"minecraft:stripped_bamboo_block":1,"minecraft:tripwire":2,"minecraft:bamboo_slab":37,"minecraft:brown_mushroom":61,"minecraft:red_bed":1,"minecraft:kelp_plant":9839,"minecraft:smoker":3,"minecraft:soul_fire":6,"minecraft:amethyst_cluster":3,"minecraft:torch":25,"minecraft:note_block":2,"minecraft:blast_furnace":2,"minecraft:polished_diorite_slab":98,"minecraft:glass":19,"minecraft:sugar_cane":62,"minecraft:bricks":105,"minecraft:amethyst_block":65,"minecraft:repeater":23,"minecraft:bamboo_planks":142,"minecraft:mud":77,"minecraft:wheat":362,"minecraft:magenta_bed":6,"minecraft:lilac":7,"minecraft:stone_brick_stairs":57,"minecraft:stonecutter":3,"minecraft:piston":9,"minecraft:deepslate":1411,"minecraft:redstone_wire":104,"minecraft:cartography_table":1,"minecraft:kelp":1532,"minecraft:redstone_ore":17,"minecraft:andesite":12,"minecraft:potatoes":180,"minecraft:cobblestone_slab":2,"minecraft:bamboo":419,"minecraft:bone_block":11,"minecraft:white_wool":4,"minecraft:oak_slab":5,"minecraft:birch_stairs":1,"minecraft:redstone_block":2,"minecraft:comparator":3,"minecraft:soul_sand":5,"minecraft:stone_brick_slab":106,"minecraft:observer":1,"minecraft:dandelion":1,"minecraft:cornflower":6,"minecraft:campfire":1,"minecraft:copper_ore":25,"minecraft:dried_kelp_block":67,"minecraft:deepslate_gold_ore":31,"minecraft:diorite":282,"minecraft:white_carpet":1,"minecraft:spruce_log":13,"minecraft:birch_leaves":27,"minecraft:gravel":103,"minecraft:dripstone_block":18,"minecraft:cobweb":11,"minecraft:stone_bricks":316,"minecraft:gold_ore":9,"minecraft:deepslate_emerald_ore":2,"minecraft:iron_trapdoor":1,"minecraft:fern":31,"minecraft:large_amethyst_bud":2,"minecraft:potted_cactus":1,"minecraft:brewing_stand":1,"minecraft:budding_amethyst":2,"minecraft:grass_block":5046,"minecraft:soul_soil":5,"minecraft:polished_diorite":70,"minecraft:composter":1,"minecraft:smooth_stone":2,"minecraft:glowstone":15,"minecraft:iron_ore":148,"minecraft:pointed_dripstone":57,"minecraft:potted_cornflower":1,"minecraft:deepslate_redstone_ore":51,"minecraft:bamboo_stairs":18,"minecraft:clay":3389,"minecraft:poppy":39,"minecraft:chest":31,"minecraft:nether_quartz_ore":61,"minecraft:cobblestone":3029,"minecraft:oak_planks":76,"minecraft:wall_torch":36,"minecraft:seagrass":19,"minecraft:light_weighted_pressure_plate":1,"minecraft:birch_log":87,"minecraft:birch_trapdoor":5,"minecraft:light_gray_wool":1,"minecraft:oak_log":528,"minecraft:sand":342,"minecraft:dirt":3193,"minecraft:dispenser":9,"minecraft:netherrack":299,"minecraft:oak_leaves":217,"minecraft:nether_gold_ore":167,"minecraft:tuff":48,"minecraft:deepslate_diamond_ore":23,"minecraft:oak_door":1,"minecraft:ladder":1,"minecraft:glow_lichen":1,"minecraft:lever":3,"minecraft:decorated_pot":2,"minecraft:spruce_leaves":14,"minecraft:large_fern":19,"minecraft:furnace":8,"minecraft:carrots":17,"minecraft:bell":1,"minecraft:deepslate_iron_ore":35,"minecraft:stripped_oak_log":2,"minecraft:packed_ice":9,"travelersbackpack:bee":1,"minecraft:wet_sponge":2,"minecraft:stone":5012,"minecraft:redstone_wall_torch":4,"minecraft:podzol":1,"minecraft:scaffolding":61,"minecraft:spruce_door":2,"minecraft:polished_granite":12,"travelersbackpack:standard":3,"minecraft:oak_fence":31,"minecraft:crafting_table":2,"minecraft:stone_slab":1,"minecraft:lapis_ore":30,"minecraft:lily_pad":3,"minecraft:gray_wool":1,"minecraft:cactus":16,"minecraft:beehive":1,"minecraft:redstone_torch":20,"minecraft:sweet_berry_bush":50,"minecraft:ice":2,"minecraft:white_wall_banner":4,"minecraft:bee_nest":1,"minecraft:coal_ore":126,"minecraft:polished_andesite":4,"travelersbackpack:enderman":1}},"DataVersion":3465}