{"stats":{"minecraft:killed_by":{"minecraft:creeper":5,"minecraft:spider":1,"minecraft:skeleton":3,"minecraft:phantom":1},"minecraft:dropped":{"minecraft:iron_sword":2,"minecraft:brown_mushroom":2,"minecraft:lapis_lazuli":28,"minecraft:warped_fungus":3,"minecraft:oak_log":89,"minecraft:baked_potato":2,"minecraft:ender_pearl":3,"minecraft:glass_bottle":15,"minecraft:diamond":83,"minecraft:crossbow":2,"minecraft:lantern":9,"minecraft:leather":1,"minecraft:honeycomb":3,"travelersbackpack:iron_tier_upgrade":1,"travelersbackpack:standard":7,"minecraft:flint":1,"minecraft:dirt":654,"minecraft:brush":1,"minecraft:crimson_roots":19,"minecraft:gold_nugget":32,"minecraft:bone_meal":1,"minecraft:sand":8,"minecraft:sugar":2,"minecraft:iron_pickaxe":3,"minecraft:white_wool":2,"minecraft:bone":22,"minecraft:gravel":5,"minecraft:crimson_fungus":7,"minecraft:stone_axe":1,"minecraft:compass":1,"minecraft:sugar_cane":2,"minecraft:cobbled_deepslate":2,"minecraft:wheat":21,"minecraft:birch_sapling":5,"minecraft:pointed_dripstone":91,"minecraft:rotten_flesh":93,"minecraft:oak_planks":170,"minecraft:diamond_shovel":4,"minecraft:azure_bluet":1,"minecraft:honey_bottle":4,"minecraft:carrot":1,"minecraft:salmon":77,"minecraft:poppy":1,"minecraft:glowstone":233,"minecraft:chest":2,"minecraft:arrow":3,"minecraft:glass":2,"travelersbackpack:fox":4,"minecraft:ghast_tear":1,"minecraft:scaffolding":28,"minecraft:stone_brick_stairs":7,"minecraft:netherrack":33,"minecraft:golden_boots":2,"minecraft:egg":1,"minecraft:iron_ingot":124,"minecraft:enchanted_book":1,"minecraft:stone_hoe":1,"minecraft:wheat_seeds":170,"minecraft:smithing_table":1,"minecraft:poisonous_potato":2,"minecraft:cobblestone":111,"minecraft:lead":3,"minecraft:apple":1,"minecraft:granite":2,"minecraft:bamboo_block":1,"travelersbackpack:wolf":2,"minecraft:grass_block":2,"minecraft:stick":64,"minecraft:dried_kelp_block":43,"minecraft:milk_bucket":2,"minecraft:diorite":631,"minecraft:ink_sac":1,"minecraft:wooden_hoe":3,"minecraft:torch":21,"minecraft:nether_wart_block":3,"minecraft:cooked_salmon":35,"minecraft:dried_kelp":1,"minecraft:oak_stairs":2,"minecraft:white_banner":1,"minecraft:iron_axe":3,"minecraft:paper":21,"minecraft:iron_shovel":4,"minecraft:bamboo_slab":6,"minecraft:string":21,"minecraft:tripwire_hook":3,"minecraft:bucket":2,"minecraft:dandelion":6,"minecraft:stone_brick_slab":56,"minecraft:bamboo_planks":63,"minecraft:bricks":617,"minecraft:kelp":98,"minecraft:sweet_berries":30,"minecraft:polished_diorite_slab":2,"minecraft:tuff":2,"minecraft:clay_ball":4,"travelersbackpack:diamond_tier_upgrade":1,"minecraft:shears":1,"minecraft:stripped_bamboo_block":1,"minecraft:flint_and_steel":1,"minecraft:blast_furnace":1,"minecraft:filled_map":1,"minecraft:bamboo_stairs":8,"minecraft:stone":64,"minecraft:flower_pot":4,"travelersbackpack:lapis":1,"minecraft:spruce_planks":5,"minecraft:diamond_pickaxe":2,"travelersbackpack:crafting_upgrade":2,"minecraft:golden_leggings":3,"minecraft:oak_boat":1,"minecraft:oak_sapling":44,"minecraft:spider_eye":5,"minecraft:bamboo":1,"minecraft:stone_bricks":363,"minecraft:bow":1,"minecraft:stone_pickaxe":4,"travelersbackpack:cake":1,"minecraft:magma_block":5},"minecraft:used":{"minecraft:iron_shovel":2006,"minecraft:polished_deepslate":6,"travelersbackpack:lapis":4,"minecraft:ladder":14,"minecraft:poppy":3,"minecraft:chest":17,"minecraft:shield":88,"minecraft:stone":612,"minecraft:iron_sword":513,"minecraft:carrot":63,"minecraft:beehive":1,"minecraft:glass":116,"minecraft:bricks":397,"minecraft:grass_block":3237,"minecraft:stone_brick_stairs":2328,"minecraft:stone_bricks":6348,"minecraft:birch_trapdoor":2,"minecraft:bow":12,"minecraft:warped_fungus":1,"minecraft:scaffolding":785,"minecraft:cooked_cod":15,"minecraft:potato":86,"minecraft:diorite":23,"minecraft:cow_spawn_egg":1,"minecraft:spruce_door":4,"minecraft:stone_pickaxe":522,"minecraft:oak_planks":356,"minecraft:polished_diorite_slab":5,"minecraft:composter":1,"minecraft:diamond_axe":6,"minecraft:clay":13,"minecraft:sugar_cane":41,"minecraft:bamboo_stairs":2,"minecraft:sand":10,"travelersbackpack:bee":53,"minecraft:blast_furnace":2,"minecraft:stone_brick_wall":61,"minecraft:deepslate_brick_stairs":1049,"minecraft:bread":36,"minecraft:gravel":4,"minecraft:diamond_sword":484,"minecraft:andesite":1,"minecraft:oak_boat":2,"minecraft:bone_meal":8,"minecraft:stone_sword":217,"minecraft:flint_and_steel":21,"minecraft:stone_shovel":544,"minecraft:spruce_planks":47,"minecraft:cooked_salmon":125,"minecraft:netherrack":231,"minecraft:oak_door":2,"minecraft:bee_spawn_egg":7,"minecraft:torch":386,"minecraft:dirt":2122,"minecraft:spyglass":172,"minecraft:granite":5,"minecraft:purple_stained_glass_pane":60,"minecraft:stone_brick_slab":846,"minecraft:iron_axe":433,"minecraft:oak_stairs":35,"minecraft:crimson_planks":12,"minecraft:glowstone":2,"travelersbackpack:hose":4,"travelersbackpack:cake":1,"minecraft:cobbled_deepslate":2,"travelersbackpack:fox":45,"minecraft:bamboo_planks":126,"minecraft:wheat_seeds":329,"minecraft:glass_bottle":1,"minecraft:baked_potato":292,"minecraft:stonecutter":15,"minecraft:deepslate_bricks":493,"minecraft:salmon":4,"minecraft:tnt":29,"minecraft:crafting_table":5,"minecraft:smoker":3,"minecraft:mud":1,"minecraft:wooden_hoe":61,"minecraft:diamond_pickaxe":5545,"minecraft:diamond_shovel":3151,"travelersbackpack:bookshelf":2,"minecraft:iron_pickaxe":1750,"minecraft:stone_slab":1,"minecraft:bamboo_slab":16,"minecraft:stone_axe":242,"minecraft:cobblestone":83,"travelersbackpack:standard":8,"minecraft:brush":4,"minecraft:kelp":198},"minecraft:broken":{"minecraft:iron_shovel":7,"minecraft:iron_boots":1,"minecraft:iron_chestplate":1,"minecraft:iron_leggings":1,"minecraft:stone_pickaxe":3,"minecraft:diamond_pickaxe":3,"minecraft:stone_axe":2,"minecraft:iron_sword":2,"minecraft:stone_shovel":4,"minecraft:stone_sword":1,"minecraft:shield":2,"minecraft:iron_axe":1,"minecraft:iron_pickaxe":7,"minecraft:iron_helmet":2},"minecraft:custom":{"minecraft:animals_bred":9,"minecraft:interact_with_crafting_table":186,"minecraft:leave_game":44,"minecraft:time_since_death":27994,"minecraft:sprint_one_cm":7212166,"minecraft:damage_blocked_by_shield":5070,"minecraft:drop":347,"minecraft:talked_to_villager":2,"minecraft:play_time":4231960,"minecraft:deaths":16,"minecraft:jump":22674,"minecraft:walk_on_water_one_cm":679071,"minecraft:enchant_item":6,"minecraft:interact_with_furnace":404,"minecraft:sleep_in_bed":135,"minecraft:damage_dealt":61881,"minecraft:crouch_one_cm":321083,"minecraft:interact_with_smoker":299,"minecraft:inspect_dispenser":5,"minecraft:interact_with_smithing_table":2,"minecraft:mob_kills":608,"minecraft:inspect_hopper":236,"minecraft:climb_one_cm":396430,"minecraft:walk_one_cm":8984536,"minecraft:sneak_time":112452,"minecraft:walk_under_water_one_cm":808662,"minecraft:boat_one_cm":1648557,"minecraft:interact_with_blast_furnace":110,"minecraft:total_world_time":4231960,"minecraft:interact_with_stonecutter":86,"minecraft:time_since_rest":27153,"minecraft:damage_taken":17923,"minecraft:trigger_trapped_chest":124,"minecraft:swim_one_cm":1461862,"minecraft:fly_one_cm":6668520,"minecraft:open_chest":1443,"minecraft:fall_one_cm":415448},"minecraft:killed":{"minecraft:cave_spider":1,"minecraft:witch":1,"minecraft:spider":30,"minecraft:skeleton":33,"minecraft:salmon":325,"minecraft:creeper":33,"minecraft:sheep":4,"minecraft:pillager":11,"minecraft:zombie":126,"minecraft:ghast":1,"minecraft:cow":15,"minecraft:drowned":10,"minecraft:hoglin":5,"minecraft:squid":2,"minecraft:polar_bear":1,"minecraft:enderman":4},"minecraft:crafted":{"minecraft:smooth_stone":4,"minecraft:oak_planks":580,"minecraft:stone":62,"minecraft:diamond_shovel":4,"minecraft:cooked_mutton":4,"minecraft:bamboo_block":120,"minecraft:glass":63,"minecraft:stone_brick_slab":822,"minecraft:bow":2,"minecraft:diamond_leggings":1,"minecraft:chest":12,"travelersbackpack:fox":1,"minecraft:bricks":795,"minecraft:dried_kelp_block":997,"minecraft:magenta_dye":2,"minecraft:stone_bricks":6476,"minecraft:flower_pot":4,"minecraft:smoker":2,"minecraft:diamond_axe":1,"minecraft:crafting_table":3,"minecraft:spruce_planks":52,"minecraft:spruce_door":3,"minecraft:copper_ingot":47,"minecraft:oak_wood":15,"minecraft:birch_planks":20,"minecraft:stone_brick_stairs":1,"minecraft:bamboo_planks":240,"minecraft:wooden_hoe":2,"minecraft:book":2,"minecraft:paper":21,"minecraft:diamond_pickaxe":4,"minecraft:charcoal":21,"minecraft:shield":1,"minecraft:stone_slab":6,"minecraft:stick":40,"minecraft:iron_ingot":427,"minecraft:iron_pickaxe":8,"minecraft:stone_sword":1,"minecraft:gold_ingot":14,"minecraft:deepslate_bricks":1244,"minecraft:oak_door":3,"minecraft:stone_shovel":3,"minecraft:stone_brick_wall":84,"minecraft:furnace":3,"minecraft:blast_furnace":1,"minecraft:bamboo_stairs":4,"minecraft:diamond":90,"minecraft:polished_deepslate":1452,"minecraft:iron_axe":3,"minecraft:ladder":9,"minecraft:stone_pickaxe":3,"minecraft:diamond_boots":1,"minecraft:dark_oak_planks":12,"minecraft:crimson_planks":12,"minecraft:purple_stained_glass_pane":48,"minecraft:dried_kelp":592,"minecraft:iron_sword":1,"minecraft:cooked_salmon":61,"minecraft:glowstone":107,"minecraft:stone_axe":1,"minecraft:air":0,"minecraft:bread":13,"minecraft:bamboo_slab":18,"minecraft:oak_boat":1,"minecraft:oak_stairs":28,"minecraft:birch_trapdoor":2,"minecraft:iron_shovel":8,"minecraft:stonecutter":2,"minecraft:torch":224},"minecraft:picked_up":{"minecraft:wheat":134,"minecraft:smithing_table":1,"minecraft:lead":5,"minecraft:diamond_sword":1,"minecraft:oak_stairs":10,"minecraft:stone_brick_stairs":518,"minecraft:polished_deepslate":6,"minecraft:string":78,"minecraft:raw_copper":135,"minecraft:cooked_salmon":88,"minecraft:gold_nugget":68,"minecraft:cobbled_deepslate":1401,"minecraft:spruce_planks":6,"minecraft:iron_pickaxe":1,"minecraft:furnace":1,"minecraft:stick":126,"minecraft:composter":1,"minecraft:oak_fence":4,"minecraft:torch":120,"minecraft:bamboo_slab":14,"travelersbackpack:iron_tier_upgrade":1,"travelersbackpack:diamond_tier_upgrade":1,"minecraft:porkchop":13,"minecraft:pointed_dripstone":58,"minecraft:diorite":960,"travelersbackpack:crafting_upgrade":1,"minecraft:stone_sword":1,"minecraft:rotten_flesh":125,"minecraft:tropical_fish":1,"minecraft:glowstone":128,"minecraft:deepslate_brick_stairs":129,"minecraft:obsidian":2,"minecraft:cobblestone":3623,"minecraft:birch_log":84,"minecraft:magma_block":139,"minecraft:polished_diorite_slab":10,"minecraft:feather":1,"minecraft:lilac":1,"minecraft:water_bucket":1,"minecraft:andesite":22,"minecraft:brown_wool":1,"minecraft:golden_leggings":4,"minecraft:smoker":1,"minecraft:potato":243,"minecraft:flint":17,"minecraft:tuff":4,"minecraft:purple_stained_glass":64,"minecraft:lapis_lazuli":350,"minecraft:dirt":5039,"minecraft:lantern":9,"minecraft:stripped_bamboo_block":2,"minecraft:glass":68,"travelersbackpack:bookshelf":1,"minecraft:bone":88,"minecraft:bow":6,"minecraft:stonecutter":13,"minecraft:wheat_seeds":435,"minecraft:raw_gold":2,"minecraft:glowstone_dust":428,"travelersbackpack:bee":33,"minecraft:rabbit":1,"minecraft:diamond_helmet":1,"minecraft:bamboo":1088,"minecraft:oak_planks":121,"minecraft:ghast_tear":1,"minecraft:cooked_porkchop":11,"minecraft:poisonous_potato":4,"minecraft:sand":198,"minecraft:ink_sac":7,"minecraft:grass_block":1,"minecraft:lily_of_the_valley":8,"minecraft:clay":13,"minecraft:diamond":19,"minecraft:crossbow":1,"minecraft:granite":174,"minecraft:bone_meal":23,"minecraft:golden_apple":1,"minecraft:chainmail_helmet":1,"minecraft:bread":5,"minecraft:oak_sapling":215,"minecraft:netherrack":329,"minecraft:bricks":392,"minecraft:crimson_roots":19,"minecraft:diamond_pickaxe":2,"minecraft:mud":1,"minecraft:crafting_table":2,"minecraft:azure_bluet":1,"minecraft:ladder":8,"minecraft:clay_ball":3684,"minecraft:brown_mushroom":2,"minecraft:stone_brick_wall":2,"minecraft:shield":1,"minecraft:cornflower":63,"minecraft:compass":1,"minecraft:iron_shovel":3,"travelersbackpack:lapis":4,"minecraft:beef":32,"minecraft:oak_boat":2,"minecraft:poppy":2,"minecraft:light_gray_wool":1,"minecraft:sugar_cane":61,"minecraft:chest":7,"minecraft:birch_sapling":18,"minecraft:egg":3,"minecraft:raw_iron":79,"minecraft:stone":179,"minecraft:carrot":167,"travelersbackpack:hose":1,"minecraft:stone_shovel":1,"minecraft:arrow":67,"minecraft:diamond_chestplate":1,"minecraft:cooked_cod":28,"minecraft:decorated_pot":1,"minecraft:shears":1,"minecraft:deepslate_bricks":17,"minecraft:mutton":5,"minecraft:white_wool":6,"minecraft:bamboo_stairs":8,"minecraft:purple_dye":1,"minecraft:crimson_stem":3,"minecraft:salmon":354,"minecraft:leather":17,"minecraft:filled_map":1,"minecraft:crimson_fungus":7,"minecraft:oak_log":463,"minecraft:chainmail_chestplate":1,"minecraft:nether_wart_block":3,"minecraft:golden_boots":5,"minecraft:gunpowder":49,"minecraft:wooden_hoe":1,"minecraft:white_banner":2,"minecraft:apple":21,"minecraft:stone_bricks":1671,"travelersbackpack:cake":2,"minecraft:kelp":9455,"minecraft:rabbit_hide":2,"minecraft:iron_ingot":1,"minecraft:stone_pickaxe":4,"minecraft:iron_sword":2,"minecraft:soul_sand":3,"minecraft:scaffolding":1211,"minecraft:oak_slab":2,"minecraft:warped_fungus":4,"minecraft:bamboo_planks":25,"minecraft:sweet_berries":151,"minecraft:stone_brick_slab":126,"minecraft:brush":1,"minecraft:quartz":240,"minecraft:dandelion":7,"minecraft:spyglass":1,"minecraft:gravel":155,"minecraft:lava_bucket":1,"minecraft:spruce_sapling":3,"minecraft:blast_furnace":2,"minecraft:spruce_log":17,"minecraft:spruce_door":3,"minecraft:spider_eye":18,"travelersbackpack:wolf":2,"travelersbackpack:fox":11,"travelersbackpack:standard":7,"minecraft:diamond_shovel":2,"minecraft:dried_kelp_block":42,"minecraft:stone_axe":2,"minecraft:chainmail_leggings":1,"minecraft:gray_wool":1,"minecraft:baked_potato":79,"minecraft:coal":210,"minecraft:ender_pearl":1},"minecraft:mined":{"minecraft:spruce_planks":6,"minecraft:oak_sapling":1,"minecraft:obsidian":2,"minecraft:granite":178,"minecraft:stone_brick_wall":2,"minecraft:grass_block":2345,"minecraft:purple_stained_glass_pane":8,"minecraft:deepslate_bricks":17,"minecraft:composter":1,"minecraft:crimson_fungus":5,"minecraft:weeping_vines_plant":1,"minecraft:tall_seagrass":23,"minecraft:magma_block":146,"minecraft:glowstone":107,"minecraft:iron_ore":79,"minecraft:fire":1,"minecraft:deepslate_lapis_ore":3,"minecraft:pointed_dripstone":25,"minecraft:dirt_path":2,"minecraft:oak_stairs":9,"minecraft:deepslate_brick_stairs":131,"minecraft:bamboo_slab":4,"minecraft:kelp_plant":161,"minecraft:crimson_nylium":58,"minecraft:smoker":1,"minecraft:clay":912,"minecraft:torch":10,"minecraft:blast_furnace":2,"minecraft:chest":7,"minecraft:polished_diorite_slab":3,"minecraft:nether_quartz_ore":217,"minecraft:glass":7,"minecraft:cobblestone":10,"minecraft:oak_planks":12,"minecraft:sugar_cane":30,"minecraft:bricks":131,"minecraft:wall_torch":27,"minecraft:seagrass":14,"minecraft:bamboo_planks":11,"minecraft:nether_wart_block":2,"minecraft:mud":1,"minecraft:wheat":93,"minecraft:birch_log":85,"minecraft:lilac":1,"minecraft:warped_fungus":2,"minecraft:stone_brick_stairs":487,"minecraft:grass":1,"minecraft:oak_log":450,"minecraft:sand":202,"minecraft:dirt":2149,"minecraft:stonecutter":13,"minecraft:netherrack":261,"minecraft:oak_leaves":307,"minecraft:deepslate":32,"minecraft:nether_gold_ore":14,"travelersbackpack:lapis":1,"minecraft:deepslate_diamond_ore":10,"travelersbackpack:fox":9,"minecraft:ladder":8,"minecraft:decorated_pot":1,"minecraft:crimson_roots":7,"minecraft:spruce_leaves":12,"minecraft:kelp":68,"minecraft:large_fern":5,"minecraft:furnace":1,"minecraft:carrots":48,"minecraft:andesite":28,"minecraft:polished_deepslate":6,"minecraft:potatoes":71,"minecraft:deepslate_iron_ore":6,"minecraft:lantern":9,"minecraft:packed_ice":11,"travelersbackpack:bee":31,"minecraft:stone":3528,"minecraft:smithing_table":1,"minecraft:scaffolding":253,"minecraft:stone_brick_slab":76,"minecraft:dandelion":1,"minecraft:spruce_door":1,"travelersbackpack:standard":3,"minecraft:crafting_table":3,"minecraft:cornflower":67,"minecraft:copper_ore":40,"minecraft:dried_kelp_block":4,"minecraft:lapis_ore":8,"minecraft:diorite":951,"minecraft:sweet_berry_bush":7,"minecraft:ice":8,"minecraft:spruce_log":17,"minecraft:birch_leaves":3,"minecraft:coal_ore":193,"minecraft:gravel":144,"minecraft:stone_bricks":977,"minecraft:gold_ore":2,"travelersbackpack:cake":1,"minecraft:fern":2}},"DataVersion":3465}