{"stats":{"minecraft:killed_by":{"minecraft:creeper":4,"minecraft:spider":1,"minecraft:skeleton":1,"minecraft:phantom":1},"minecraft:custom":{"minecraft:animals_bred":9,"minecraft:interact_with_crafting_table":185,"minecraft:leave_game":39,"minecraft:time_since_death":259263,"minecraft:sprint_one_cm":5485621,"minecraft:damage_blocked_by_shield":1950,"minecraft:drop":236,"minecraft:talked_to_villager":1,"minecraft:play_time":3490452,"minecraft:deaths":8,"minecraft:jump":17680,"minecraft:walk_on_water_one_cm":608949,"minecraft:enchant_item":2,"minecraft:interact_with_furnace":326,"minecraft:sleep_in_bed":108,"minecraft:damage_dealt":29957,"minecraft:crouch_one_cm":233836,"minecraft:interact_with_smoker":259,"minecraft:inspect_dispenser":3,"minecraft:interact_with_smithing_table":2,"minecraft:mob_kills":442,"minecraft:inspect_hopper":191,"minecraft:climb_one_cm":297342,"minecraft:walk_one_cm":6888085,"minecraft:sneak_time":88226,"minecraft:walk_under_water_one_cm":759367,"minecraft:boat_one_cm":329382,"minecraft:interact_with_blast_furnace":101,"minecraft:total_world_time":3490452,"minecraft:interact_with_stonecutter":64,"minecraft:time_since_rest":15111,"minecraft:damage_taken":13171,"minecraft:trigger_trapped_chest":84,"minecraft:swim_one_cm":1330994,"minecraft:fly_one_cm":5606356,"minecraft:open_chest":1221,"minecraft:fall_one_cm":332681},"minecraft:broken":{"minecraft:iron_shovel":7,"minecraft:iron_boots":1,"minecraft:iron_leggings":1,"minecraft:stone_pickaxe":3,"minecraft:diamond_pickaxe":1,"minecraft:stone_axe":2,"minecraft:iron_sword":1,"minecraft:stone_shovel":4,"minecraft:stone_sword":1,"minecraft:iron_axe":1,"minecraft:iron_pickaxe":7,"minecraft:iron_helmet":1},"minecraft:used":{"minecraft:iron_shovel":2006,"minecraft:polished_deepslate":6,"minecraft:ladder":14,"minecraft:poppy":3,"minecraft:chest":17,"minecraft:shield":34,"minecraft:stone":612,"minecraft:iron_sword":468,"minecraft:carrot":63,"minecraft:beehive":1,"minecraft:glass":58,"minecraft:bricks":223,"minecraft:grass_block":3175,"minecraft:stone_brick_stairs":1491,"minecraft:stone_bricks":4994,"minecraft:birch_trapdoor":2,"minecraft:scaffolding":412,"minecraft:cooked_cod":15,"minecraft:potato":86,"minecraft:diorite":23,"minecraft:cow_spawn_egg":1,"minecraft:spruce_door":4,"minecraft:stone_pickaxe":522,"minecraft:oak_planks":356,"minecraft:composter":1,"minecraft:sugar_cane":41,"minecraft:bamboo_stairs":2,"minecraft:sand":9,"travelersbackpack:bee":20,"minecraft:blast_furnace":1,"minecraft:stone_brick_wall":61,"minecraft:deepslate_brick_stairs":798,"minecraft:bread":36,"minecraft:bone_meal":8,"minecraft:stone_sword":217,"minecraft:flint_and_steel":21,"minecraft:stone_shovel":544,"minecraft:spruce_planks":47,"minecraft:cooked_salmon":120,"minecraft:oak_door":2,"minecraft:bee_spawn_egg":7,"minecraft:torch":348,"minecraft:dirt":1813,"minecraft:spyglass":145,"minecraft:granite":5,"minecraft:purple_stained_glass_pane":48,"minecraft:stone_brick_slab":514,"minecraft:iron_axe":433,"minecraft:oak_stairs":35,"travelersbackpack:hose":4,"minecraft:cobbled_deepslate":2,"travelersbackpack:fox":38,"minecraft:bamboo_planks":126,"minecraft:wheat_seeds":329,"minecraft:glass_bottle":1,"minecraft:baked_potato":180,"minecraft:stonecutter":9,"minecraft:deepslate_bricks":370,"minecraft:salmon":4,"minecraft:tnt":29,"minecraft:crafting_table":5,"minecraft:smoker":2,"minecraft:mud":1,"minecraft:wooden_hoe":61,"minecraft:diamond_pickaxe":2988,"minecraft:diamond_shovel":2617,"minecraft:iron_pickaxe":1750,"minecraft:stone_slab":1,"minecraft:bamboo_slab":16,"minecraft:stone_axe":242,"minecraft:cobblestone":42,"travelersbackpack:standard":8,"minecraft:brush":4,"minecraft:kelp":182},"minecraft:dropped":{"minecraft:iron_sword":2,"minecraft:lapis_lazuli":28,"minecraft:oak_log":89,"minecraft:baked_potato":2,"minecraft:ender_pearl":3,"minecraft:glass_bottle":15,"minecraft:diamond":69,"minecraft:crossbow":2,"minecraft:lantern":9,"minecraft:honeycomb":3,"travelersbackpack:iron_tier_upgrade":1,"travelersbackpack:standard":6,"minecraft:flint":1,"minecraft:dirt":258,"minecraft:brush":1,"minecraft:bone_meal":1,"minecraft:sand":8,"minecraft:iron_pickaxe":3,"minecraft:white_wool":2,"minecraft:bone":22,"minecraft:stone_axe":1,"minecraft:compass":1,"minecraft:sugar_cane":2,"minecraft:cobbled_deepslate":2,"minecraft:wheat":18,"minecraft:birch_sapling":5,"minecraft:pointed_dripstone":91,"minecraft:rotten_flesh":28,"minecraft:oak_planks":170,"minecraft:diamond_shovel":3,"minecraft:honey_bottle":4,"minecraft:salmon":77,"minecraft:chest":2,"minecraft:arrow":3,"minecraft:glass":2,"travelersbackpack:fox":3,"minecraft:scaffolding":27,"minecraft:stone_brick_stairs":5,"minecraft:enchanted_book":1,"minecraft:stone_hoe":1,"minecraft:iron_ingot":124,"minecraft:wheat_seeds":154,"minecraft:smithing_table":1,"minecraft:poisonous_potato":1,"minecraft:cobblestone":97,"minecraft:lead":2,"minecraft:apple":1,"minecraft:bamboo_block":1,"travelersbackpack:wolf":1,"minecraft:grass_block":2,"minecraft:stick":64,"minecraft:dried_kelp_block":43,"minecraft:diorite":1,"minecraft:ink_sac":1,"minecraft:torch":21,"minecraft:wooden_hoe":3,"minecraft:cooked_salmon":35,"minecraft:dried_kelp":1,"minecraft:oak_stairs":2,"minecraft:white_banner":1,"minecraft:iron_axe":2,"minecraft:paper":21,"minecraft:iron_shovel":4,"minecraft:bamboo_slab":6,"minecraft:string":21,"minecraft:tripwire_hook":3,"minecraft:bucket":2,"minecraft:stone_brick_slab":56,"minecraft:bamboo_planks":63,"minecraft:bricks":120,"minecraft:kelp":98,"minecraft:sweet_berries":30,"minecraft:polished_diorite_slab":2,"minecraft:tuff":2,"minecraft:clay_ball":4,"travelersbackpack:diamond_tier_upgrade":1,"minecraft:shears":1,"minecraft:stripped_bamboo_block":1,"minecraft:flint_and_steel":1,"minecraft:blast_furnace":1,"minecraft:filled_map":1,"minecraft:bamboo_stairs":8,"minecraft:stone":64,"minecraft:flower_pot":4,"minecraft:spruce_planks":5,"minecraft:diamond_pickaxe":2,"travelersbackpack:crafting_upgrade":2,"minecraft:oak_sapling":44,"minecraft:bamboo":1,"minecraft:stone_bricks":363,"minecraft:stone_pickaxe":4,"travelersbackpack:cake":1},"minecraft:mined":{"minecraft:spruce_planks":6,"minecraft:oak_sapling":1,"minecraft:obsidian":2,"minecraft:granite":176,"minecraft:grass_block":2314,"minecraft:stone_brick_wall":2,"minecraft:purple_stained_glass_pane":5,"minecraft:deepslate_bricks":14,"minecraft:composter":1,"minecraft:tall_seagrass":19,"minecraft:magma_block":6,"minecraft:iron_ore":79,"minecraft:pointed_dripstone":25,"minecraft:dirt_path":2,"minecraft:oak_stairs":9,"minecraft:deepslate_brick_stairs":106,"minecraft:bamboo_slab":4,"minecraft:kelp_plant":76,"minecraft:clay":591,"minecraft:torch":10,"minecraft:blast_furnace":1,"minecraft:chest":7,"minecraft:glass":2,"minecraft:cobblestone":9,"minecraft:sugar_cane":30,"minecraft:oak_planks":12,"minecraft:bricks":66,"minecraft:wall_torch":20,"minecraft:seagrass":14,"minecraft:bamboo_planks":11,"minecraft:mud":1,"minecraft:birch_log":85,"minecraft:wheat":93,"minecraft:lilac":1,"minecraft:stone_brick_stairs":268,"minecraft:grass":1,"minecraft:oak_log":450,"minecraft:sand":29,"minecraft:dirt":2139,"minecraft:stonecutter":7,"minecraft:oak_leaves":307,"minecraft:deepslate":27,"minecraft:deepslate_diamond_ore":10,"travelersbackpack:fox":3,"minecraft:ladder":8,"minecraft:decorated_pot":1,"minecraft:spruce_leaves":12,"minecraft:kelp":46,"minecraft:large_fern":5,"minecraft:furnace":1,"minecraft:carrots":48,"minecraft:andesite":27,"minecraft:polished_deepslate":6,"minecraft:potatoes":71,"minecraft:deepslate_iron_ore":6,"minecraft:lantern":9,"minecraft:packed_ice":11,"travelersbackpack:bee":19,"minecraft:stone":2930,"minecraft:smithing_table":1,"minecraft:scaffolding":107,"minecraft:stone_brick_slab":30,"minecraft:dandelion":1,"minecraft:spruce_door":1,"travelersbackpack:standard":3,"minecraft:crafting_table":3,"minecraft:cornflower":67,"minecraft:copper_ore":31,"minecraft:dried_kelp_block":4,"minecraft:lapis_ore":4,"minecraft:diorite":317,"minecraft:sweet_berry_bush":7,"minecraft:ice":8,"minecraft:spruce_log":17,"minecraft:birch_leaves":3,"minecraft:coal_ore":193,"minecraft:gravel":138,"minecraft:stone_bricks":859,"minecraft:gold_ore":2,"minecraft:fern":2},"minecraft:picked_up":{"minecraft:wheat":134,"minecraft:smithing_table":1,"minecraft:lead":4,"minecraft:diamond_sword":1,"minecraft:oak_stairs":10,"minecraft:stone_brick_stairs":271,"minecraft:polished_deepslate":6,"minecraft:string":39,"minecraft:raw_copper":96,"minecraft:cooked_salmon":88,"minecraft:cobbled_deepslate":1396,"minecraft:spruce_planks":6,"minecraft:iron_pickaxe":1,"minecraft:furnace":1,"minecraft:stick":124,"minecraft:composter":1,"minecraft:oak_fence":4,"minecraft:torch":112,"minecraft:bamboo_slab":14,"travelersbackpack:iron_tier_upgrade":1,"travelersbackpack:diamond_tier_upgrade":1,"minecraft:pointed_dripstone":58,"minecraft:diorite":326,"travelersbackpack:crafting_upgrade":1,"minecraft:stone_sword":1,"minecraft:rotten_flesh":47,"minecraft:tropical_fish":1,"minecraft:deepslate_brick_stairs":104,"minecraft:obsidian":2,"minecraft:cobblestone":2974,"minecraft:birch_log":84,"minecraft:magma_block":6,"minecraft:polished_diorite_slab":5,"minecraft:feather":1,"minecraft:lilac":1,"minecraft:water_bucket":1,"minecraft:andesite":21,"minecraft:brown_wool":1,"minecraft:potato":243,"minecraft:flint":16,"minecraft:tuff":4,"minecraft:purple_stained_glass":64,"minecraft:lapis_lazuli":197,"minecraft:dirt":4707,"minecraft:lantern":9,"minecraft:stripped_bamboo_block":2,"minecraft:bone":38,"minecraft:stonecutter":7,"minecraft:bow":1,"minecraft:wheat_seeds":374,"minecraft:raw_gold":2,"travelersbackpack:bee":19,"minecraft:rabbit":1,"minecraft:bamboo":1088,"minecraft:oak_planks":121,"minecraft:cooked_porkchop":11,"minecraft:poisonous_potato":4,"minecraft:sand":29,"minecraft:ink_sac":4,"minecraft:grass_block":1,"minecraft:lily_of_the_valley":8,"minecraft:diamond":19,"minecraft:crossbow":1,"minecraft:granite":172,"minecraft:bone_meal":23,"minecraft:golden_apple":1,"minecraft:bread":5,"minecraft:oak_sapling":214,"minecraft:bricks":190,"minecraft:diamond_pickaxe":2,"minecraft:mud":1,"minecraft:crafting_table":2,"minecraft:ladder":8,"minecraft:clay_ball":2400,"minecraft:stone_brick_wall":2,"minecraft:cornflower":63,"minecraft:iron_shovel":3,"minecraft:beef":31,"minecraft:poppy":1,"minecraft:light_gray_wool":1,"minecraft:sugar_cane":61,"minecraft:chest":7,"minecraft:birch_sapling":18,"minecraft:egg":3,"minecraft:raw_iron":79,"minecraft:stone":179,"minecraft:carrot":166,"travelersbackpack:hose":1,"minecraft:stone_shovel":1,"minecraft:arrow":29,"minecraft:diamond_chestplate":1,"minecraft:cooked_cod":28,"minecraft:decorated_pot":1,"minecraft:shears":1,"minecraft:deepslate_bricks":14,"minecraft:mutton":5,"minecraft:white_wool":6,"minecraft:bamboo_stairs":8,"minecraft:purple_dye":1,"minecraft:salmon":352,"minecraft:leather":14,"minecraft:filled_map":1,"minecraft:oak_log":463,"minecraft:chainmail_chestplate":1,"minecraft:gunpowder":6,"minecraft:wooden_hoe":1,"minecraft:white_banner":1,"minecraft:apple":21,"minecraft:stone_bricks":1550,"travelersbackpack:cake":1,"minecraft:kelp":7890,"minecraft:rabbit_hide":2,"minecraft:stone_pickaxe":4,"minecraft:iron_sword":2,"minecraft:scaffolding":849,"minecraft:oak_slab":2,"minecraft:bamboo_planks":25,"minecraft:sweet_berries":151,"minecraft:stone_brick_slab":43,"minecraft:brush":1,"minecraft:dandelion":1,"minecraft:spyglass":1,"minecraft:gravel":144,"minecraft:lava_bucket":1,"minecraft:spruce_sapling":3,"minecraft:blast_furnace":1,"minecraft:spruce_log":17,"minecraft:spruce_door":3,"minecraft:spider_eye":2,"travelersbackpack:wolf":1,"travelersbackpack:fox":5,"travelersbackpack:standard":7,"minecraft:diamond_shovel":1,"minecraft:dried_kelp_block":41,"minecraft:stone_axe":2,"minecraft:chainmail_leggings":1,"minecraft:gray_wool":1,"minecraft:baked_potato":79,"minecraft:coal":205,"minecraft:ender_pearl":1},"minecraft:killed":{"minecraft:cave_spider":1,"minecraft:spider":10,"minecraft:skeleton":14,"minecraft:salmon":323,"minecraft:creeper":9,"minecraft:sheep":4,"minecraft:pillager":2,"minecraft:zombie":52,"minecraft:cow":14,"minecraft:drowned":7,"minecraft:squid":1,"minecraft:polar_bear":1,"minecraft:enderman":2},"minecraft:crafted":{"minecraft:smooth_stone":4,"minecraft:oak_planks":564,"minecraft:stone":62,"minecraft:diamond_shovel":4,"minecraft:cooked_mutton":4,"minecraft:bamboo_block":120,"minecraft:glass":63,"minecraft:stone_brick_slab":552,"minecraft:chest":12,"travelersbackpack:fox":1,"minecraft:bricks":299,"minecraft:dried_kelp_block":997,"minecraft:magenta_dye":2,"minecraft:stone_bricks":4624,"minecraft:flower_pot":4,"minecraft:smoker":2,"minecraft:crafting_table":3,"minecraft:spruce_planks":52,"minecraft:spruce_door":3,"minecraft:copper_ingot":47,"minecraft:oak_wood":15,"minecraft:birch_planks":20,"minecraft:stone_brick_stairs":1,"minecraft:bamboo_planks":240,"minecraft:book":2,"minecraft:diamond_pickaxe":2,"minecraft:wooden_hoe":2,"minecraft:paper":21,"minecraft:charcoal":21,"minecraft:stone_slab":6,"minecraft:stick":40,"minecraft:iron_ingot":423,"minecraft:iron_pickaxe":8,"minecraft:stone_sword":1,"minecraft:gold_ingot":4,"minecraft:deepslate_bricks":1052,"minecraft:oak_door":3,"minecraft:stone_shovel":3,"minecraft:stone_brick_wall":84,"minecraft:furnace":3,"minecraft:blast_furnace":1,"minecraft:bamboo_stairs":4,"minecraft:diamond":63,"minecraft:polished_deepslate":1260,"minecraft:iron_axe":3,"minecraft:ladder":9,"minecraft:stone_pickaxe":3,"minecraft:dark_oak_planks":12,"minecraft:purple_stained_glass_pane":48,"minecraft:dried_kelp":592,"minecraft:iron_sword":1,"minecraft:cooked_salmon":61,"minecraft:stone_axe":1,"minecraft:bread":13,"minecraft:air":0,"minecraft:bamboo_slab":18,"minecraft:oak_stairs":28,"minecraft:birch_trapdoor":2,"minecraft:iron_shovel":8,"minecraft:stonecutter":2,"minecraft:torch":216}},"DataVersion":3465}