{"stats":{"minecraft:killed":{"minecraft:witch":1,"minecraft:spider":21,"minecraft:slime":4,"minecraft:skeleton":38,"minecraft:guardian":1,"minecraft:drowned":1,"minecraft:pig":4,"minecraft:zombie_villager":2,"minecraft:salmon":78,"minecraft:creeper":14,"minecraft:sheep":22,"minecraft:zombie":102,"minecraft:cow":7,"minecraft:enderman":2},"minecraft:picked_up":{"minecraft:crafting_table":5,"minecraft:wheat":43,"minecraft:azure_bluet":2,"minecraft:chicken":1,"minecraft:string":30,"minecraft:cooked_salmon":58,"minecraft:cobbled_deepslate":397,"minecraft:beef":17,"minecraft:sugar_cane":20,"minecraft:birch_sapling":1,"minecraft:furnace":1,"minecraft:egg":8,"minecraft:golden_helmet":1,"minecraft:stick":4,"minecraft:raw_iron":106,"minecraft:oak_door":4,"minecraft:copper_ingot":1,"minecraft:torch":13,"minecraft:porkchop":9,"minecraft:diorite":3,"minecraft:carrot":6,"minecraft:redstone":31,"minecraft:stone_sword":2,"minecraft:arrow":52,"minecraft:rotten_flesh":100,"minecraft:mutton":42,"minecraft:white_wool":26,"minecraft:cobblestone":365,"minecraft:birch_log":7,"minecraft:feather":1,"minecraft:andesite":92,"minecraft:salmon":77,"minecraft:leather":7,"minecraft:smoker":1,"minecraft:tuff":25,"minecraft:oak_log":27,"minecraft:chainmail_chestplate":1,"minecraft:gunpowder":12,"minecraft:lapis_lazuli":183,"minecraft:dirt":47,"minecraft:cooked_mutton":8,"minecraft:bone":43,"minecraft:bow":1,"minecraft:wheat_seeds":166,"minecraft:raw_gold":40,"minecraft:stone_pickaxe":2,"minecraft:glass_bottle":1,"minecraft:cooked_porkchop":6,"minecraft:pumpkin":6,"minecraft:sweet_berries":196,"minecraft:sand":26,"minecraft:amethyst_shard":8,"minecraft:ink_sac":4,"minecraft:spruce_log":11,"minecraft:spider_eye":5,"travelersbackpack:white_sleeping_bag":6,"travelersbackpack:standard":4,"minecraft:slime_ball":3,"minecraft:diamond":7,"minecraft:chainmail_leggings":1,"minecraft:granite":21,"minecraft:bone_meal":5,"minecraft:coal":82,"minecraft:ender_pearl":1},"minecraft:custom":{"minecraft:mob_kills":305,"minecraft:interact_with_crafting_table":46,"minecraft:interact_with_campfire":72,"minecraft:leave_game":4,"minecraft:time_since_death":4396,"minecraft:sprint_one_cm":738206,"minecraft:walk_one_cm":853884,"minecraft:drop":49,"minecraft:play_time":371086,"minecraft:sneak_time":4810,"minecraft:deaths":15,"minecraft:walk_under_water_one_cm":80170,"minecraft:jump":5343,"minecraft:interact_with_blast_furnace":22,"minecraft:walk_on_water_one_cm":80093,"minecraft:total_world_time":371086,"minecraft:interact_with_furnace":30,"minecraft:sleep_in_bed":17,"minecraft:time_since_rest":2330,"minecraft:damage_taken":10221,"minecraft:damage_dealt":41447,"minecraft:swim_one_cm":249990,"minecraft:fly_one_cm":892350,"minecraft:open_chest":129,"minecraft:crouch_one_cm":10361,"minecraft:interact_with_smoker":28,"minecraft:fall_one_cm":107129,"minecraft:horse_one_cm":5397},"minecraft:crafted":{"minecraft:oak_door":3,"minecraft:smooth_stone":6,"minecraft:oak_planks":84,"minecraft:stone_shovel":1,"minecraft:furnace":3,"minecraft:blast_furnace":1,"minecraft:stone":10,"minecraft:cooked_mutton":34,"minecraft:glass":12,"travelersbackpack:white_sleeping_bag":2,"minecraft:iron_boots":2,"minecraft:iron_axe":1,"minecraft:stone_pickaxe":8,"minecraft:chest":7,"minecraft:stone_hoe":1,"minecraft:smoker":1,"minecraft:cooked_beef":17,"minecraft:cooked_porkchop":3,"minecraft:crafting_table":3,"minecraft:spruce_planks":28,"travelersbackpack:backpack_tank":2,"minecraft:iron_helmet":2,"minecraft:wooden_pickaxe":1,"travelersbackpack:standard":1,"minecraft:iron_sword":3,"minecraft:cooked_salmon":19,"minecraft:birch_planks":28,"minecraft:hay_block":2,"minecraft:campfire":2,"minecraft:stone_axe":1,"minecraft:air":0,"minecraft:iron_chestplate":2,"minecraft:diamond_pickaxe":1,"minecraft:stick":72,"minecraft:iron_ingot":101,"minecraft:iron_pickaxe":1,"minecraft:stone_sword":2,"minecraft:iron_leggings":2,"minecraft:gold_ingot":40,"minecraft:white_bed":1,"minecraft:torch":120},"minecraft:broken":{"minecraft:stone_sword":1,"minecraft:stone_pickaxe":6,"minecraft:iron_sword":2,"minecraft:iron_helmet":1},"minecraft:mined":{"minecraft:large_amethyst_bud":4,"minecraft:tuff":32,"minecraft:farmland":3,"minecraft:deepslate_diamond_ore":6,"minecraft:oak_door":4,"minecraft:granite":41,"minecraft:grass_block":27,"travelersbackpack:white_sleeping_bag":6,"minecraft:spruce_leaves":2,"minecraft:large_fern":22,"minecraft:tall_seagrass":1,"minecraft:furnace":1,"minecraft:carrots":1,"minecraft:iron_ore":8,"minecraft:cobbled_deepslate":8,"minecraft:andesite":38,"minecraft:pumpkin":6,"minecraft:deepslate_lapis_ore":13,"minecraft:azure_bluet":2,"minecraft:deepslate_iron_ore":98,"minecraft:small_amethyst_bud":3,"minecraft:packed_ice":3,"minecraft:stone":368,"minecraft:deepslate_redstone_ore":7,"minecraft:smoker":1,"minecraft:medium_amethyst_bud":4,"minecraft:amethyst_cluster":2,"travelersbackpack:standard":2,"minecraft:crafting_table":5,"minecraft:torch":1,"minecraft:tall_grass":14,"minecraft:lapis_ore":13,"minecraft:deepslate_gold_ore":40,"minecraft:sugar_cane":11,"minecraft:diorite":16,"minecraft:wall_torch":12,"minecraft:birch_log":7,"minecraft:wheat":44,"minecraft:sweet_berry_bush":11,"minecraft:spruce_log":4,"minecraft:grass":348,"minecraft:oak_log":27,"minecraft:coal_ore":74,"minecraft:sand":26,"minecraft:dirt":20,"minecraft:oak_leaves":9,"minecraft:deepslate":376,"minecraft:fern":21},"minecraft:dropped":{"minecraft:wheat_seeds":3,"minecraft:ender_pearl":1,"minecraft:feather":1,"minecraft:granite":21,"travelersbackpack:standard":2,"minecraft:diorite":3,"minecraft:iron_leggings":1,"minecraft:string":1,"minecraft:stone_sword":3,"minecraft:tuff":12,"minecraft:rotten_flesh":23,"minecraft:iron_boots":1,"minecraft:azure_bluet":2,"minecraft:iron_chestplate":1,"minecraft:andesite":92,"minecraft:spider_eye":3,"minecraft:stone_pickaxe":3},"minecraft:used":{"minecraft:stone_sword":196,"minecraft:stone_shovel":48,"minecraft:chest":6,"minecraft:iron_sword":549,"minecraft:cooked_salmon":16,"minecraft:stone_hoe":121,"minecraft:oak_door":5,"minecraft:torch":133,"minecraft:dirt":13,"minecraft:carrot":5,"minecraft:tuff":13,"minecraft:iron_axe":39,"minecraft:birch_sapling":1,"minecraft:bow":3,"minecraft:hay_block":2,"minecraft:sweet_berries":217,"minecraft:furnace":2,"minecraft:cooked_beef":17,"minecraft:cobbled_deepslate":48,"minecraft:wheat_seeds":127,"minecraft:cooked_mutton":40,"minecraft:stone_pickaxe":962,"minecraft:wooden_pickaxe":23,"minecraft:crafting_table":7,"minecraft:blast_furnace":1,"minecraft:white_bed":1,"minecraft:campfire":2,"minecraft:smoker":2,"minecraft:iron_pickaxe":177,"travelersbackpack:white_sleeping_bag":6,"minecraft:stone_axe":68,"minecraft:cobblestone":62,"travelersbackpack:standard":6,"minecraft:cooked_porkchop":1},"minecraft:killed_by":{"minecraft:skeleton":10,"minecraft:zombie":1}},"DataVersion":3465}