{"stats":{"minecraft:killed_by":{"minecraft:skeleton":5,"minecraft:zombie":1},"minecraft:custom":{"minecraft:interact_with_furnace":13,"minecraft:mob_kills":84,"minecraft:interact_with_crafting_table":21,"minecraft:leave_game":1,"minecraft:time_since_death":202,"minecraft:sleep_in_bed":8,"minecraft:time_since_rest":173,"minecraft:sprint_one_cm":348393,"minecraft:damage_taken":4538,"minecraft:walk_one_cm":328578,"minecraft:drop":35,"minecraft:damage_dealt":14285,"minecraft:swim_one_cm":43955,"minecraft:fly_one_cm":353303,"minecraft:open_chest":16,"minecraft:crouch_one_cm":6735,"minecraft:play_time":160914,"minecraft:deaths":7,"minecraft:sneak_time":2672,"minecraft:walk_under_water_one_cm":10119,"minecraft:jump":2324,"minecraft:walk_on_water_one_cm":28999,"minecraft:total_world_time":160914,"minecraft:interact_with_smoker":8,"minecraft:fall_one_cm":41336,"minecraft:horse_one_cm":5397},"minecraft:broken":{"minecraft:stone_pickaxe":6,"minecraft:stone_sword":1},"minecraft:dropped":{"minecraft:wheat_seeds":2,"minecraft:stone_sword":3,"minecraft:ender_pearl":1,"minecraft:tuff":12,"minecraft:feather":1,"minecraft:rotten_flesh":17,"minecraft:granite":21,"travelersbackpack:standard":2,"minecraft:diorite":3,"minecraft:andesite":92,"minecraft:spider_eye":2,"minecraft:stone_pickaxe":3},"minecraft:used":{"minecraft:wheat_seeds":13,"minecraft:stone_sword":196,"minecraft:stone_shovel":48,"minecraft:stone_pickaxe":919,"minecraft:chest":2,"minecraft:wooden_pickaxe":23,"minecraft:iron_sword":94,"minecraft:stone_hoe":14,"minecraft:torch":77,"minecraft:dirt":4,"minecraft:crafting_table":6,"minecraft:white_bed":1,"minecraft:smoker":2,"minecraft:iron_pickaxe":22,"minecraft:birch_sapling":1,"travelersbackpack:white_sleeping_bag":4,"minecraft:stone_axe":18,"minecraft:cobblestone":62,"minecraft:sweet_berries":180,"minecraft:furnace":2,"minecraft:cooked_beef":17,"minecraft:cobbled_deepslate":2},"minecraft:mined":{"minecraft:deepslate_redstone_ore":7,"minecraft:tuff":21,"minecraft:deepslate_diamond_ore":3,"minecraft:smoker":1,"minecraft:crafting_table":4,"minecraft:granite":41,"minecraft:grass_block":18,"minecraft:deepslate_gold_ore":11,"minecraft:tall_grass":1,"travelersbackpack:white_sleeping_bag":3,"minecraft:spruce_leaves":2,"minecraft:lapis_ore":13,"minecraft:sugar_cane":11,"minecraft:diorite":16,"minecraft:wall_torch":9,"minecraft:large_fern":19,"minecraft:furnace":1,"minecraft:iron_ore":7,"minecraft:birch_log":7,"minecraft:cobbled_deepslate":2,"minecraft:sweet_berry_bush":10,"minecraft:spruce_log":4,"minecraft:andesite":38,"minecraft:pumpkin":6,"minecraft:deepslate_lapis_ore":13,"minecraft:grass":89,"minecraft:deepslate_iron_ore":24,"minecraft:coal_ore":49,"minecraft:sand":26,"minecraft:dirt":18,"minecraft:stone":367,"minecraft:oak_leaves":4,"minecraft:deepslate":343,"minecraft:fern":21},"minecraft:picked_up":{"minecraft:birch_log":7,"minecraft:crafting_table":4,"minecraft:feather":1,"minecraft:chicken":1,"minecraft:andesite":92,"minecraft:leather":7,"minecraft:smoker":1,"minecraft:tuff":12,"minecraft:gunpowder":1,"minecraft:lapis_lazuli":183,"minecraft:dirt":37,"minecraft:string":9,"minecraft:bone":15,"minecraft:wheat_seeds":18,"minecraft:cobbled_deepslate":353,"minecraft:raw_gold":11,"minecraft:stone_pickaxe":2,"minecraft:beef":17,"minecraft:glass_bottle":1,"minecraft:sugar_cane":20,"minecraft:birch_sapling":1,"minecraft:furnace":1,"minecraft:egg":7,"minecraft:golden_helmet":1,"minecraft:stick":2,"minecraft:raw_iron":31,"minecraft:pumpkin":6,"minecraft:sweet_berries":161,"minecraft:copper_ingot":1,"minecraft:torch":9,"minecraft:porkchop":3,"minecraft:sand":26,"minecraft:diorite":3,"minecraft:spruce_log":11,"minecraft:redstone":31,"minecraft:spider_eye":2,"minecraft:stone_sword":2,"travelersbackpack:white_sleeping_bag":3,"travelersbackpack:standard":2,"minecraft:arrow":22,"minecraft:rotten_flesh":17,"minecraft:diamond":4,"minecraft:granite":21,"minecraft:ender_pearl":1,"minecraft:cobblestone":364,"minecraft:mutton":34,"minecraft:coal":57,"minecraft:white_wool":22},"minecraft:killed":{"minecraft:pig":1,"minecraft:witch":1,"minecraft:zombie_villager":1,"minecraft:spider":7,"minecraft:creeper":3,"minecraft:sheep":18,"minecraft:skeleton":14,"minecraft:zombie":27,"minecraft:drowned":1,"minecraft:enderman":1,"minecraft:cow":7},"minecraft:crafted":{"minecraft:cooked_beef":17,"minecraft:smooth_stone":6,"minecraft:stone_shovel":1,"minecraft:cooked_porkchop":3,"minecraft:crafting_table":2,"minecraft:spruce_planks":28,"minecraft:iron_helmet":1,"minecraft:wooden_pickaxe":1,"minecraft:iron_sword":1,"minecraft:furnace":3,"minecraft:stone":10,"minecraft:birch_planks":28,"minecraft:stone_axe":1,"minecraft:cooked_mutton":34,"minecraft:air":0,"minecraft:iron_boots":1,"travelersbackpack:white_sleeping_bag":1,"minecraft:iron_chestplate":1,"minecraft:stick":44,"minecraft:iron_leggings":1,"minecraft:iron_ingot":31,"minecraft:iron_pickaxe":1,"minecraft:stone_pickaxe":8,"minecraft:chest":2,"minecraft:stone_sword":2,"minecraft:white_bed":1,"minecraft:torch":68,"minecraft:stone_hoe":1,"minecraft:smoker":1}},"DataVersion":3465}