{"stats":{"minecraft:killed_by":{"minecraft:skeleton":9,"minecraft:zombie":1},"minecraft:custom":{"minecraft:mob_kills":282,"minecraft:interact_with_crafting_table":41,"minecraft:interact_with_campfire":66,"minecraft:leave_game":2,"minecraft:time_since_death":61406,"minecraft:sprint_one_cm":678295,"minecraft:walk_one_cm":778637,"minecraft:drop":48,"minecraft:play_time":338068,"minecraft:deaths":13,"minecraft:sneak_time":4482,"minecraft:walk_under_water_one_cm":67419,"minecraft:jump":4656,"minecraft:interact_with_blast_furnace":18,"minecraft:walk_on_water_one_cm":68813,"minecraft:total_world_time":338068,"minecraft:interact_with_furnace":30,"minecraft:sleep_in_bed":15,"minecraft:time_since_rest":60908,"minecraft:damage_taken":9225,"minecraft:damage_dealt":38264,"minecraft:swim_one_cm":188726,"minecraft:fly_one_cm":717300,"minecraft:open_chest":114,"minecraft:crouch_one_cm":10064,"minecraft:interact_with_smoker":28,"minecraft:fall_one_cm":96194,"minecraft:horse_one_cm":5397},"minecraft:broken":{"minecraft:stone_sword":1,"minecraft:stone_pickaxe":6,"minecraft:iron_sword":2,"minecraft:iron_helmet":1},"minecraft:dropped":{"minecraft:wheat_seeds":3,"minecraft:ender_pearl":1,"minecraft:feather":1,"minecraft:granite":21,"travelersbackpack:standard":2,"minecraft:diorite":3,"minecraft:iron_leggings":1,"minecraft:string":1,"minecraft:stone_sword":3,"minecraft:tuff":12,"minecraft:rotten_flesh":23,"minecraft:iron_boots":1,"minecraft:azure_bluet":1,"minecraft:iron_chestplate":1,"minecraft:andesite":92,"minecraft:spider_eye":3,"minecraft:stone_pickaxe":3},"minecraft:used":{"minecraft:stone_sword":196,"minecraft:stone_shovel":48,"minecraft:chest":6,"minecraft:iron_sword":504,"minecraft:cooked_salmon":6,"minecraft:stone_hoe":89,"minecraft:oak_door":5,"minecraft:torch":127,"minecraft:dirt":5,"minecraft:carrot":2,"minecraft:tuff":13,"minecraft:iron_axe":29,"minecraft:birch_sapling":1,"minecraft:hay_block":1,"minecraft:sweet_berries":217,"minecraft:furnace":2,"minecraft:cooked_beef":17,"minecraft:cobbled_deepslate":39,"minecraft:wheat_seeds":71,"minecraft:cooked_mutton":40,"minecraft:stone_pickaxe":956,"minecraft:wooden_pickaxe":23,"minecraft:crafting_table":7,"minecraft:blast_furnace":1,"minecraft:white_bed":1,"minecraft:campfire":2,"minecraft:smoker":2,"minecraft:iron_pickaxe":173,"travelersbackpack:white_sleeping_bag":6,"minecraft:stone_axe":68,"minecraft:cobblestone":62,"travelersbackpack:standard":6,"minecraft:cooked_porkchop":1},"minecraft:mined":{"minecraft:large_amethyst_bud":4,"minecraft:tuff":32,"minecraft:deepslate_diamond_ore":6,"minecraft:oak_door":4,"minecraft:granite":41,"minecraft:grass_block":20,"travelersbackpack:white_sleeping_bag":6,"minecraft:spruce_leaves":2,"minecraft:large_fern":22,"minecraft:tall_seagrass":1,"minecraft:furnace":1,"minecraft:iron_ore":8,"minecraft:cobbled_deepslate":2,"minecraft:andesite":38,"minecraft:pumpkin":6,"minecraft:deepslate_lapis_ore":13,"minecraft:azure_bluet":1,"minecraft:deepslate_iron_ore":94,"minecraft:small_amethyst_bud":3,"minecraft:stone":368,"minecraft:deepslate_redstone_ore":7,"minecraft:medium_amethyst_bud":4,"minecraft:smoker":1,"minecraft:amethyst_cluster":2,"travelersbackpack:standard":2,"minecraft:crafting_table":5,"minecraft:torch":1,"minecraft:tall_grass":11,"minecraft:lapis_ore":13,"minecraft:deepslate_gold_ore":40,"minecraft:sugar_cane":11,"minecraft:diorite":16,"minecraft:wall_torch":12,"minecraft:birch_log":7,"minecraft:wheat":11,"minecraft:sweet_berry_bush":11,"minecraft:spruce_log":4,"minecraft:grass":347,"minecraft:coal_ore":74,"minecraft:oak_log":27,"minecraft:sand":26,"minecraft:dirt":18,"minecraft:oak_leaves":9,"minecraft:deepslate":376,"minecraft:fern":21},"minecraft:picked_up":{"minecraft:crafting_table":5,"minecraft:wheat":10,"minecraft:azure_bluet":1,"minecraft:chicken":1,"minecraft:string":30,"minecraft:cooked_salmon":54,"minecraft:cobbled_deepslate":391,"minecraft:beef":17,"minecraft:sugar_cane":20,"minecraft:birch_sapling":1,"minecraft:egg":8,"minecraft:furnace":1,"minecraft:golden_helmet":1,"minecraft:raw_iron":102,"minecraft:stick":4,"minecraft:oak_door":4,"minecraft:copper_ingot":1,"minecraft:torch":13,"minecraft:porkchop":9,"minecraft:diorite":3,"minecraft:carrot":2,"minecraft:redstone":31,"minecraft:stone_sword":2,"minecraft:arrow":48,"minecraft:rotten_flesh":87,"minecraft:mutton":40,"minecraft:cobblestone":365,"minecraft:white_wool":25,"minecraft:birch_log":7,"minecraft:feather":1,"minecraft:salmon":73,"minecraft:andesite":92,"minecraft:leather":7,"minecraft:smoker":1,"minecraft:tuff":25,"minecraft:oak_log":27,"minecraft:chainmail_chestplate":1,"minecraft:gunpowder":10,"minecraft:lapis_lazuli":183,"minecraft:dirt":39,"minecraft:cooked_mutton":6,"minecraft:bone":38,"minecraft:bow":1,"minecraft:wheat_seeds":77,"minecraft:raw_gold":40,"minecraft:stone_pickaxe":2,"minecraft:glass_bottle":1,"minecraft:cooked_porkchop":6,"minecraft:pumpkin":6,"minecraft:sweet_berries":196,"minecraft:sand":26,"minecraft:amethyst_shard":8,"minecraft:ink_sac":1,"minecraft:spruce_log":11,"minecraft:spider_eye":5,"travelersbackpack:white_sleeping_bag":6,"travelersbackpack:standard":4,"minecraft:slime_ball":3,"minecraft:diamond":7,"minecraft:chainmail_leggings":1,"minecraft:granite":21,"minecraft:bone_meal":5,"minecraft:coal":82,"minecraft:ender_pearl":1},"minecraft:killed":{"minecraft:witch":1,"minecraft:spider":21,"minecraft:slime":4,"minecraft:skeleton":36,"minecraft:drowned":1,"minecraft:pig":4,"minecraft:zombie_villager":2,"minecraft:salmon":74,"minecraft:creeper":12,"minecraft:sheep":21,"minecraft:zombie":89,"minecraft:cow":7,"minecraft:enderman":2},"minecraft:crafted":{"minecraft:oak_door":3,"minecraft:smooth_stone":6,"minecraft:oak_planks":84,"minecraft:stone_shovel":1,"minecraft:furnace":3,"minecraft:blast_furnace":1,"minecraft:stone":10,"minecraft:cooked_mutton":34,"minecraft:glass":12,"travelersbackpack:white_sleeping_bag":2,"minecraft:iron_boots":2,"minecraft:iron_axe":1,"minecraft:stone_pickaxe":8,"minecraft:chest":7,"minecraft:stone_hoe":1,"minecraft:smoker":1,"minecraft:cooked_beef":17,"minecraft:cooked_porkchop":3,"minecraft:crafting_table":3,"minecraft:spruce_planks":28,"travelersbackpack:backpack_tank":2,"travelersbackpack:standard":1,"minecraft:wooden_pickaxe":1,"minecraft:iron_helmet":2,"minecraft:iron_sword":2,"minecraft:cooked_salmon":19,"minecraft:hay_block":1,"minecraft:birch_planks":28,"minecraft:campfire":2,"minecraft:stone_axe":1,"minecraft:air":0,"minecraft:iron_chestplate":2,"minecraft:stick":64,"minecraft:iron_ingot":101,"minecraft:iron_pickaxe":1,"minecraft:gold_ingot":2,"minecraft:stone_sword":2,"minecraft:iron_leggings":2,"minecraft:white_bed":1,"minecraft:torch":120}},"DataVersion":3465}